
use master 
go 
	
create database SonoraInc
go


use SonoraInc
go
-- Generated by Oracle SQL Developer Data Modeler 24.3.1.351.0831
--   at:        2026-04-28 14:48:31 ECT
--   site:      SQL Server 2012
--   type:      SQL Server 2012



CREATE TABLE Album 
    (
     idAlbum INTEGER NOT NULL , 
     tituloAlbum VARCHAR (50) NOT NULL , 
     fechaLanzamientoAlbum DATE NOT NULL 
    )
GO

ALTER TABLE Album ADD CONSTRAINT Album_PK PRIMARY KEY CLUSTERED (idAlbum)
     WITH (
     ALLOW_PAGE_LOCKS = ON , 
     ALLOW_ROW_LOCKS = ON )
GO

CREATE TABLE Artista 
    (
     idArtista INTEGER NOT NULL , 
     nombreArtista VARCHAR (50) NOT NULL , 
     paisOrigenArtista VARCHAR (50) NOT NULL , 
     descripcionArtista VARCHAR (50) , 
     Productora_idProductora INTEGER NOT NULL 
    )
GO

ALTER TABLE Artista ADD CONSTRAINT Artista_PK PRIMARY KEY CLUSTERED (idArtista)
     WITH (
     ALLOW_PAGE_LOCKS = ON , 
     ALLOW_ROW_LOCKS = ON )
GO

CREATE TABLE ArtistaCancion 
    (
     Artista_idArtista INTEGER NOT NULL , 
     Cancion_idCancion INTEGER NOT NULL 
    )
GO

ALTER TABLE ArtistaCancion ADD CONSTRAINT ArtistaCancion_PK PRIMARY KEY CLUSTERED (Artista_idArtista, Cancion_idCancion)
     WITH (
     ALLOW_PAGE_LOCKS = ON , 
     ALLOW_ROW_LOCKS = ON )
GO

CREATE TABLE Cancion 
    (
     idCancion INTEGER NOT NULL , 
     tituloCancion VARCHAR (50) NOT NULL , 
     duracionCancion FLOAT NOT NULL , 
     idiomaCancion VARCHAR (50) , 
     Genero_idGenero INTEGER NOT NULL , 
     Album_idAlbum INTEGER 
    )
GO 


ALTER TABLE Cancion 
    ADD CONSTRAINT CONSTRAIN_duracionCancion 
    CHECK ( duracionCancion BETWEEN 0.10 AND 10000000 ) 
GO

ALTER TABLE Cancion ADD CONSTRAINT Cancion_PK PRIMARY KEY CLUSTERED (idCancion)
     WITH (
     ALLOW_PAGE_LOCKS = ON , 
     ALLOW_ROW_LOCKS = ON )
GO

CREATE TABLE CancionPlaylist 
    (
     Cancion_idCancion INTEGER NOT NULL , 
     Playlist_idPlaylist INTEGER NOT NULL 
    )
GO

ALTER TABLE CancionPlaylist ADD CONSTRAINT CancionPlaylist_PK PRIMARY KEY CLUSTERED (Cancion_idCancion, Playlist_idPlaylist)
     WITH (
     ALLOW_PAGE_LOCKS = ON , 
     ALLOW_ROW_LOCKS = ON )
GO

CREATE TABLE Genero 
    (
     idGenero INTEGER NOT NULL , 
     nombreGenero VARCHAR (50) NOT NULL 
    )
GO

ALTER TABLE Genero ADD CONSTRAINT Genero_PK PRIMARY KEY CLUSTERED (idGenero)
     WITH (
     ALLOW_PAGE_LOCKS = ON , 
     ALLOW_ROW_LOCKS = ON )
GO
ALTER TABLE Genero ADD CONSTRAINT Genero_nombreGenero_UN UNIQUE NONCLUSTERED (nombreGenero)
GO

CREATE TABLE Pago 
    (
     idPago INTEGER NOT NULL , 
     fechaPago DATE NOT NULL , 
     montoPago DECIMAL (10,2) NOT NULL , 
     Suscripcion_idSuscripcion INTEGER NOT NULL 
    )
GO

ALTER TABLE Pago ADD CONSTRAINT Pago_PK PRIMARY KEY CLUSTERED (idPago)
     WITH (
     ALLOW_PAGE_LOCKS = ON , 
     ALLOW_ROW_LOCKS = ON )
GO

CREATE TABLE Playlist 
    (
     idPlaylist INTEGER NOT NULL , 
     nombrePlaylist VARCHAR (50) NOT NULL , 
     fechaCreacionPlaylist DATE NOT NULL , 
     privacidadPlaylist VARCHAR (50) NOT NULL DEFAULT 'Privada' , 
     descripcionPlaylist VARCHAR (50) , 
     Usuario_idUsuario INTEGER NOT NULL 
    )
GO 


ALTER TABLE Playlist 
    ADD CONSTRAINT CHK_privacidadPlaylist 
    CHECK ( privacidadPlaylist IN ('Privada', 'Publica') ) 
GO

ALTER TABLE Playlist ADD CONSTRAINT Playlist_PK PRIMARY KEY CLUSTERED (idPlaylist)
     WITH (
     ALLOW_PAGE_LOCKS = ON , 
     ALLOW_ROW_LOCKS = ON )
GO

CREATE TABLE Productora 
    (
     idProductora INTEGER NOT NULL , 
     nombreProductora VARCHAR (50) NOT NULL , 
     paisProductora VARCHAR (50) NOT NULL , 
     correoProductora VARCHAR (50) NOT NULL 
    )
GO

ALTER TABLE Productora ADD CONSTRAINT Productora_PK PRIMARY KEY CLUSTERED (idProductora)
     WITH (
     ALLOW_PAGE_LOCKS = ON , 
     ALLOW_ROW_LOCKS = ON )
GO
ALTER TABLE Productora ADD CONSTRAINT Productora_correoProductora_UN UNIQUE NONCLUSTERED (correoProductora)
GO

CREATE TABLE Regalia 
    (
     idRegalia INTEGER NOT NULL , 
     cantidadReproduccionesRegalia INTEGER NOT NULL , 
     montoGeneradoRegalia DECIMAL (10,2) NOT NULL , 
     fechaCalculoRegalia DATE NOT NULL , 
     Cancion_idCancion INTEGER NOT NULL 
    )
GO

ALTER TABLE Regalia ADD CONSTRAINT Regalia_PK PRIMARY KEY CLUSTERED (idRegalia)
     WITH (
     ALLOW_PAGE_LOCKS = ON , 
     ALLOW_ROW_LOCKS = ON )
GO

CREATE TABLE Reproduccion 
    (
     idReproduccion INTEGER NOT NULL , 
     fechaReproduccion DATE NOT NULL , 
     duracionReproduccion FLOAT NOT NULL , 
     Usuario_idUsuario INTEGER NOT NULL , 
     Cancion_idCancion INTEGER NOT NULL 
    )
GO

ALTER TABLE Reproduccion ADD CONSTRAINT Reproduccion_PK PRIMARY KEY CLUSTERED (idReproduccion)
     WITH (
     ALLOW_PAGE_LOCKS = ON , 
     ALLOW_ROW_LOCKS = ON )
GO

CREATE TABLE Suscripcion 
    (
     idSuscripcion INTEGER NOT NULL , 
     tipoPlanSuscripcion VARCHAR (50) NOT NULL DEFAULT 'Gratis' , 
     fechaInicioSuscripcion DATE NOT NULL , 
     fechaFinSuscripcion DATE , 
     estadoSuscripcion VARCHAR (50) , 
     Usuario_idUsuario INTEGER NOT NULL 
    )
GO 


ALTER TABLE Suscripcion 
    ADD CONSTRAINT CHK_tipoPlanSuscripcion 
    CHECK ( tipoPlanSuscripcion IN ('Gratis', 'Premium') ) 
GO


ALTER TABLE Suscripcion 
    ADD CONSTRAINT CHK_estadoSuscripcion 
    CHECK ( estadoSuscripcion IN ('Activa', 'Cancelada', 'Vencida') ) 
GO

ALTER TABLE Suscripcion ADD CONSTRAINT Suscripcion_PK PRIMARY KEY CLUSTERED (idSuscripcion)
     WITH (
     ALLOW_PAGE_LOCKS = ON , 
     ALLOW_ROW_LOCKS = ON )
GO

CREATE TABLE Usuario 
    (
     idUsuario INTEGER NOT NULL , 
     nombreUsuario VARCHAR (50) NOT NULL , 
     apellidoUsuario VARCHAR (50) NOT NULL , 
     segundoNombreUsuario VARCHAR (50) , 
     segundoApellidoUsuario VARCHAR (50) , 
     correoUsuario VARCHAR (50) NOT NULL , 
     fechaRegistroUsuario DATE NOT NULL 
    )
GO

ALTER TABLE Usuario ADD CONSTRAINT Usuario_PK PRIMARY KEY CLUSTERED (idUsuario)
     WITH (
     ALLOW_PAGE_LOCKS = ON , 
     ALLOW_ROW_LOCKS = ON )
GO
ALTER TABLE Usuario ADD CONSTRAINT Usuario_correoUsuario_UN UNIQUE NONCLUSTERED (correoUsuario)
GO

CREATE TABLE UsuarioArtista 
    (
     Usuario_idUsuario INTEGER NOT NULL , 
     Artista_idArtista INTEGER NOT NULL 
    )
GO

ALTER TABLE UsuarioArtista ADD CONSTRAINT UsuarioArtista_PK PRIMARY KEY CLUSTERED (Usuario_idUsuario, Artista_idArtista)
     WITH (
     ALLOW_PAGE_LOCKS = ON , 
     ALLOW_ROW_LOCKS = ON )
GO

CREATE TABLE UsuarioCancion 
    (
     Usuario_idUsuario INTEGER NOT NULL , 
     Cancion_idCancion INTEGER NOT NULL 
    )
GO

ALTER TABLE UsuarioCancion ADD CONSTRAINT UsuarioCancion_PK PRIMARY KEY CLUSTERED (Usuario_idUsuario, Cancion_idCancion)
     WITH (
     ALLOW_PAGE_LOCKS = ON , 
     ALLOW_ROW_LOCKS = ON )
GO

ALTER TABLE Artista 
    ADD CONSTRAINT Artista_Productora_FK FOREIGN KEY 
    ( 
     Productora_idProductora
    ) 
    REFERENCES Productora 
    ( 
     idProductora 
    ) 
    ON DELETE NO ACTION 
    ON UPDATE NO ACTION 
GO

ALTER TABLE ArtistaCancion 
    ADD CONSTRAINT ArtistaCancion_Artista_FK FOREIGN KEY 
    ( 
     Artista_idArtista
    ) 
    REFERENCES Artista 
    ( 
     idArtista 
    ) 
    ON DELETE NO ACTION 
    ON UPDATE NO ACTION 
GO

ALTER TABLE ArtistaCancion 
    ADD CONSTRAINT ArtistaCancion_Cancion_FK FOREIGN KEY 
    ( 
     Cancion_idCancion
    ) 
    REFERENCES Cancion 
    ( 
     idCancion 
    ) 
    ON DELETE NO ACTION 
    ON UPDATE NO ACTION 
GO

ALTER TABLE Cancion 
    ADD CONSTRAINT Cancion_Album_FK FOREIGN KEY 
    ( 
     Album_idAlbum
    ) 
    REFERENCES Album 
    ( 
     idAlbum 
    ) 
    ON DELETE NO ACTION 
    ON UPDATE NO ACTION 
GO

ALTER TABLE Cancion 
    ADD CONSTRAINT Cancion_Genero_FK FOREIGN KEY 
    ( 
     Genero_idGenero
    ) 
    REFERENCES Genero 
    ( 
     idGenero 
    ) 
    ON DELETE NO ACTION 
    ON UPDATE NO ACTION 
GO

ALTER TABLE CancionPlaylist 
    ADD CONSTRAINT CancionPlaylist_Cancion_FK FOREIGN KEY 
    ( 
     Cancion_idCancion
    ) 
    REFERENCES Cancion 
    ( 
     idCancion 
    ) 
    ON DELETE NO ACTION 
    ON UPDATE NO ACTION 
GO

ALTER TABLE CancionPlaylist 
    ADD CONSTRAINT CancionPlaylist_Playlist_FK FOREIGN KEY 
    ( 
     Playlist_idPlaylist
    ) 
    REFERENCES Playlist 
    ( 
     idPlaylist 
    ) 
    ON DELETE NO ACTION 
    ON UPDATE NO ACTION 
GO

ALTER TABLE Pago 
    ADD CONSTRAINT Pago_Suscripcion_FK FOREIGN KEY 
    ( 
     Suscripcion_idSuscripcion
    ) 
    REFERENCES Suscripcion 
    ( 
     idSuscripcion 
    ) 
    ON DELETE NO ACTION 
    ON UPDATE NO ACTION 
GO

ALTER TABLE Playlist 
    ADD CONSTRAINT Playlist_Usuario_FK FOREIGN KEY 
    ( 
     Usuario_idUsuario
    ) 
    REFERENCES Usuario 
    ( 
     idUsuario 
    ) 
    ON DELETE NO ACTION 
    ON UPDATE NO ACTION 
GO

ALTER TABLE Regalia 
    ADD CONSTRAINT Regalia_Cancion_FK FOREIGN KEY 
    ( 
     Cancion_idCancion
    ) 
    REFERENCES Cancion 
    ( 
     idCancion 
    ) 
    ON DELETE NO ACTION 
    ON UPDATE NO ACTION 
GO

ALTER TABLE Reproduccion 
    ADD CONSTRAINT Reproduccion_Cancion_FK FOREIGN KEY 
    ( 
     Cancion_idCancion
    ) 
    REFERENCES Cancion 
    ( 
     idCancion 
    ) 
    ON DELETE NO ACTION 
    ON UPDATE NO ACTION 
GO

ALTER TABLE Reproduccion 
    ADD CONSTRAINT Reproduccion_Usuario_FK FOREIGN KEY 
    ( 
     Usuario_idUsuario
    ) 
    REFERENCES Usuario 
    ( 
     idUsuario 
    ) 
    ON DELETE NO ACTION 
    ON UPDATE NO ACTION 
GO

ALTER TABLE Suscripcion 
    ADD CONSTRAINT Suscripcion_Usuario_FK FOREIGN KEY 
    ( 
     Usuario_idUsuario
    ) 
    REFERENCES Usuario 
    ( 
     idUsuario 
    ) 
    ON DELETE NO ACTION 
    ON UPDATE NO ACTION 
GO

ALTER TABLE UsuarioArtista 
    ADD CONSTRAINT UsuarioArtista_Artista_FK FOREIGN KEY 
    ( 
     Artista_idArtista
    ) 
    REFERENCES Artista 
    ( 
     idArtista 
    ) 
    ON DELETE NO ACTION 
    ON UPDATE NO ACTION 
GO

ALTER TABLE UsuarioArtista 
    ADD CONSTRAINT UsuarioArtista_Usuario_FK FOREIGN KEY 
    ( 
     Usuario_idUsuario
    ) 
    REFERENCES Usuario 
    ( 
     idUsuario 
    ) 
    ON DELETE NO ACTION 
    ON UPDATE NO ACTION 
GO

ALTER TABLE UsuarioCancion 
    ADD CONSTRAINT UsuarioCancion_Cancion_FK FOREIGN KEY 
    ( 
     Cancion_idCancion
    ) 
    REFERENCES Cancion 
    ( 
     idCancion 
    ) 
    ON DELETE NO ACTION 
    ON UPDATE NO ACTION 
GO

ALTER TABLE UsuarioCancion 
    ADD CONSTRAINT UsuarioCancion_Usuario_FK FOREIGN KEY 
    ( 
     Usuario_idUsuario
    ) 
    REFERENCES Usuario 
    ( 
     idUsuario 
    ) 
    ON DELETE NO ACTION 
    ON UPDATE NO ACTION 
GO



-- Oracle SQL Developer Data Modeler Summary Report: 
-- 
-- CREATE TABLE                            15
-- CREATE INDEX                             0
-- ALTER TABLE                             39
-- CREATE VIEW                              0
-- ALTER VIEW                               0
-- CREATE PACKAGE                           0
-- CREATE PACKAGE BODY                      0
-- CREATE PROCEDURE                         0
-- CREATE FUNCTION                          0
-- CREATE TRIGGER                           0
-- ALTER TRIGGER                            0
-- CREATE DATABASE                          0
-- CREATE DEFAULT                           0
-- CREATE INDEX ON VIEW                     0
-- CREATE ROLLBACK SEGMENT                  0
-- CREATE ROLE                              0
-- CREATE RULE                              0
-- CREATE SCHEMA                            0
-- CREATE SEQUENCE                          0
-- CREATE PARTITION FUNCTION                0
-- CREATE PARTITION SCHEME                  0
-- 
-- DROP DATABASE                            0
-- 
-- ERRORS                                   0
-- WARNINGS                                 0



/* ============================================================
   SCRIPT 02 - IMPLEMENTACION FASE 3

   Script complementario al script generado por Oracle Data Modeler.
   Incluye organizacion por esquemas, indices, seguridad, objetos
   programables, reportes y pruebas.
   ============================================================ */

USE SonoraInc;
GO

/* ============================================================
   SECCION 1 - CREACION DE ESQUEMAS
   Objetivo:
   Organizar los objetos de la base de datos segun su funcion.
   ============================================================ */

	-- Creacion de esquemas
	CREATE SCHEMA Seguridad;
	GO

	CREATE SCHEMA Catalogo;
	GO

	CREATE SCHEMA Interaccion;
	GO

	CREATE SCHEMA Finanzas;
	GO

	CREATE SCHEMA Procesos;
	GO

	CREATE SCHEMA Reportes;
	GO

	--Movemos tablas a esquemas 

	-- SEGURIDAD
	ALTER SCHEMA Seguridad TRANSFER dbo.Usuario;

	-- CATALOGO
	ALTER SCHEMA Catalogo TRANSFER dbo.Cancion;
	ALTER SCHEMA Catalogo TRANSFER dbo.Album;
	ALTER SCHEMA Catalogo TRANSFER dbo.Artista;
	ALTER SCHEMA Catalogo TRANSFER dbo.Genero;
	ALTER SCHEMA Catalogo TRANSFER dbo.Productora;

	-- INTERACCION
	ALTER SCHEMA Interaccion TRANSFER dbo.Playlist;
	ALTER SCHEMA Interaccion TRANSFER dbo.CancionPlaylist;
	ALTER SCHEMA Interaccion TRANSFER dbo.UsuarioCancion;
	ALTER SCHEMA Interaccion TRANSFER dbo.UsuarioArtista;
	ALTER SCHEMA Interaccion TRANSFER dbo.Reproduccion;
	ALTER SCHEMA Interaccion TRANSFER dbo.ArtistaCancion;

	-- FINANZAS
	ALTER SCHEMA Finanzas TRANSFER dbo.Suscripcion;
	ALTER SCHEMA Finanzas TRANSFER dbo.Pago;
	ALTER SCHEMA Finanzas TRANSFER dbo.Regalia;



/* ============================================================
   SECCION 2 - INDICES
   Objetivo:
   Mejorar el rendimiento de consultas frecuentes y reportes.
   ============================================================ */

	USE SonoraInc;
	GO

	/* 
	   INDICES - CATALOGO
		*/

	-- Mejora busquedas de canciones por genero
	CREATE NONCLUSTERED INDEX IDX_Cancion_Genero
	ON Catalogo.Cancion (Genero_idGenero);
	GO

	-- Mejora busquedas de canciones por album
	CREATE NONCLUSTERED INDEX IDX_Cancion_Album
	ON Catalogo.Cancion (Album_idAlbum);
	GO

	-- Mejora busquedas de artistas por productora
	CREATE NONCLUSTERED INDEX IDX_Artista_Productora
	ON Catalogo.Artista (Productora_idProductora);
	GO

	-- Mejora busquedas por titulo de cancion
	CREATE NONCLUSTERED INDEX IDX_Cancion_Titulo
	ON Catalogo.Cancion (tituloCancion);
	GO

	-- Mejora busquedas por nombre de artista
	CREATE NONCLUSTERED INDEX IDX_Artista_Nombre
	ON Catalogo.Artista (nombreArtista);
	GO


	/* 
	   INDICES - INTERACCION
	   */

	-- Mejora busquedas de playlists por usuario
	CREATE NONCLUSTERED INDEX IDX_Playlist_Usuario
	ON Interaccion.Playlist (Usuario_idUsuario);
	GO

	-- Mejora consultas de reproducciones por usuario
	CREATE NONCLUSTERED INDEX IDX_Reproduccion_Usuario
	ON Interaccion.Reproduccion (Usuario_idUsuario);
	GO

	-- Mejora consultas de reproducciones por cancion
	CREATE NONCLUSTERED INDEX IDX_Reproduccion_Cancion
	ON Interaccion.Reproduccion (Cancion_idCancion);
	GO

	-- Mejora reportes de reproducciones por cancion y fecha
	CREATE NONCLUSTERED INDEX IDX_Reproduccion_Cancion_Fecha
	ON Interaccion.Reproduccion (Cancion_idCancion, fechaReproduccion);
	GO

	-- Mejora reportes de actividad por usuario y fecha
	CREATE NONCLUSTERED INDEX IDX_Reproduccion_Usuario_Fecha
	ON Interaccion.Reproduccion (Usuario_idUsuario, fechaReproduccion);
	GO

	-- Mejora consultas de canciones dentro de playlists
	CREATE NONCLUSTERED INDEX IDX_CancionPlaylist_Playlist
	ON Interaccion.CancionPlaylist (Playlist_idPlaylist);
	GO

	-- Mejora consultas de playlists donde aparece una cancion
	CREATE NONCLUSTERED INDEX IDX_CancionPlaylist_Cancion
	ON Interaccion.CancionPlaylist (Cancion_idCancion);
	GO

	-- Mejora consultas de likes por usuario
	CREATE NONCLUSTERED INDEX IDX_UsuarioCancion_Usuario
	ON Interaccion.UsuarioCancion (Usuario_idUsuario);
	GO

	-- Mejora consultas de likes por cancion
	CREATE NONCLUSTERED INDEX IDX_UsuarioCancion_Cancion
	ON Interaccion.UsuarioCancion (Cancion_idCancion);
	GO

	-- Mejora consultas de artistas seguidos por usuario
	CREATE NONCLUSTERED INDEX IDX_UsuarioArtista_Usuario
	ON Interaccion.UsuarioArtista (Usuario_idUsuario);
	GO

	-- Mejora consultas de seguidores por artista
	CREATE NONCLUSTERED INDEX IDX_UsuarioArtista_Artista
	ON Interaccion.UsuarioArtista (Artista_idArtista);
	GO

	-- Mejora consultas de canciones por artista
	CREATE NONCLUSTERED INDEX IDX_ArtistaCancion_Artista
	ON Interaccion.ArtistaCancion (Artista_idArtista);
	GO

	-- Mejora consultas de artistas por cancion
	CREATE NONCLUSTERED INDEX IDX_ArtistaCancion_Cancion
	ON Interaccion.ArtistaCancion (Cancion_idCancion);
	GO


	/*
	   INDICES - FINANZAS
		*/

	-- Mejora busquedas de suscripciones por usuario
	CREATE NONCLUSTERED INDEX IDX_Suscripcion_Usuario
	ON Finanzas.Suscripcion (Usuario_idUsuario);
	GO

	-- Mejora consultas de pagos por suscripcion
	CREATE NONCLUSTERED INDEX IDX_Pago_Suscripcion
	ON Finanzas.Pago (Suscripcion_idSuscripcion);
	GO

	-- Mejora reportes de pagos por fecha
	CREATE NONCLUSTERED INDEX IDX_Pago_Fecha
	ON Finanzas.Pago (fechaPago);
	GO

	-- Mejora consultas de regalias por cancion
	CREATE NONCLUSTERED INDEX IDX_Regalia_Cancion
	ON Finanzas.Regalia (Cancion_idCancion);
	GO

	-- Mejora reportes de regalias por fecha
	CREATE NONCLUSTERED INDEX IDX_Regalia_Fecha
	ON Finanzas.Regalia (fechaCalculoRegalia);
	GO


/* ============================================================
   SECCION 3 - SEGURIDAD, LOGIN, USUARIO Y PERMISOS
   Objetivo:
   Crear credenciales para conexion desde Python y asignar permisos.
   ============================================================ */

	USE master;
	GO

	-- Creacion del login a nivel de servidor
	CREATE LOGIN loginSonoraInc
	WITH PASSWORD = 'Sonora123*';
	GO

	USE SonoraInc;
	GO

	-- Creacion del usuario de base de datos asociado al login
	CREATE USER userSonoraInc FOR LOGIN loginSonoraInc;
	GO

	-- Permiso de lectura sobre la base de datos
	ALTER ROLE db_datareader ADD MEMBER userSonoraInc;
	GO

	-- Permiso de escritura sobre la base de datos
	ALTER ROLE db_datawriter ADD MEMBER userSonoraInc;
	GO

	-- Permiso para ejecutar procedimientos almacenados y funciones
	GRANT EXECUTE TO userSonoraInc;
	GO

/* ============================================================
   SECCION 4 - FUNCIONES
   Objetivo:
   Implementar calculos reutilizables para reportes y reglas
   de negocio dentro de la base de datos SonoraInc.
   ============================================================ */

	USE SonoraInc;
	GO

	/* 
	   FUNCION 1 - TOTAL DE REPRODUCCIONES POR CANCION
	   Objetivo:
	   Retornar la cantidad total de reproducciones registradas
	   para una cancion especifica.
	*/

	CREATE FUNCTION Procesos.fn_TotalReproduccionesCancion
	(
		@idCancion INT
	)
	RETURNS INT
	AS
	BEGIN
		DECLARE @total INT;

		SELECT @total = COUNT(*)
		FROM Interaccion.Reproduccion
		WHERE Cancion_idCancion = @idCancion;

		RETURN ISNULL(@total, 0);
	END;
	GO


	/* 
	   FUNCION 2 - TOTAL DE LIKES POR CANCION
	   Objetivo:
	   Retornar la cantidad total de likes registrados para una
	   cancion especifica.
	*/

	CREATE FUNCTION Procesos.fn_TotalLikesCancion
	(
		@idCancion INT
	)
	RETURNS INT
	AS
	BEGIN
		DECLARE @total INT;

		SELECT @total = COUNT(*)
		FROM Interaccion.UsuarioCancion
		WHERE Cancion_idCancion = @idCancion;

		RETURN ISNULL(@total, 0);
	END;
	GO


	/*   FUNCION 3 - TOTAL DE SEGUIDORES POR ARTISTA
	   Objetivo:
	   Retornar la cantidad total de usuarios que siguen a un
	   artista especifico.
	*/

	CREATE FUNCTION Procesos.fn_TotalSeguidoresArtista
	(
		@idArtista INT
	)
	RETURNS INT
	AS
	BEGIN
		DECLARE @total INT;

		SELECT @total = COUNT(*)
		FROM Interaccion.UsuarioArtista
		WHERE Artista_idArtista = @idArtista;

		RETURN ISNULL(@total, 0);
	END;
	GO


	/* 	   FUNCION 4 - TOTAL PAGADO POR SUSCRIPCION
	   Objetivo:
	   Retornar el monto total pagado asociado a una suscripcion.
	  */

	CREATE FUNCTION Procesos.fn_TotalPagadoSuscripcion
	(
		@idSuscripcion INT
	)
	RETURNS DECIMAL(10,2)
	AS
	BEGIN
		DECLARE @total DECIMAL(10,2);

		SELECT @total = SUM(montoPago)
		FROM Finanzas.Pago
		WHERE Suscripcion_idSuscripcion = @idSuscripcion;

		RETURN ISNULL(@total, 0);
	END;
	GO


	/*    FUNCION 5 - CALCULO DE REGALIA POR CANCION
	   Objetivo:
	   Calcular el monto de regalia generado por una cancion,
	   tomando como base la cantidad de reproducciones y un valor
	   definido por reproduccion.
	 */

	CREATE FUNCTION Procesos.fn_CalcularRegaliaCancion
	(
		@idCancion INT,
		@valorPorReproduccion DECIMAL(10,2)
	)
	RETURNS DECIMAL(10,2)
	AS
	BEGIN
		DECLARE @totalReproducciones INT;
		DECLARE @montoRegalia DECIMAL(10,2);

		SELECT @totalReproducciones = COUNT(*)
		FROM Interaccion.Reproduccion
		WHERE Cancion_idCancion = @idCancion;

		SET @montoRegalia = ISNULL(@totalReproducciones, 0) * @valorPorReproduccion;

		RETURN ISNULL(@montoRegalia, 0);
	END;
	GO


/* ============================================================
   SECCION 5 - PROCEDIMIENTOS ALMACENADOS
   Objetivo:
   Implementar operaciones principales del sistema.
   ============================================================ */
    USE SonoraInc;
    GO

    /* ============================================================
       SP 1 - REGISTRAR USUARIO
       Caso de uso:
       Registrar usuario
       ============================================================ */

    CREATE PROCEDURE Procesos.sp_RegistrarUsuario
        @nombreUsuario VARCHAR(50),
        @apellidoUsuario VARCHAR(50),
        @segundoNombreUsuario VARCHAR(50) = NULL,
        @segundoApellidoUsuario VARCHAR(50) = NULL,
        @correoUsuario VARCHAR(50),
        @fechaRegistroUsuario DATE
    AS
    BEGIN
        SET NOCOUNT ON;

        IF EXISTS (
            SELECT 1
            FROM Seguridad.Usuario
            WHERE correoUsuario = @correoUsuario
        )
        BEGIN
            THROW 50001, 'El correo ingresado ya se encuentra registrado.', 1;
        END;

        DECLARE @idUsuario INT;

        SELECT @idUsuario = ISNULL(MAX(idUsuario), 0) + 1
        FROM Seguridad.Usuario;

        INSERT INTO Seguridad.Usuario
        (
            idUsuario,
            nombreUsuario,
            apellidoUsuario,
            segundoNombreUsuario,
            segundoApellidoUsuario,
            correoUsuario,
            fechaRegistroUsuario
        )
        VALUES
        (
            @idUsuario,
            @nombreUsuario,
            @apellidoUsuario,
            @segundoNombreUsuario,
            @segundoApellidoUsuario,
            @correoUsuario,
            @fechaRegistroUsuario
        );

        SELECT 'Usuario registrado correctamente' AS Mensaje, @idUsuario AS idUsuario;
    END;
    GO


    /* ============================================================
       SP 2 - INICIAR SESION
       Caso de uso:
       Iniciar sesion
       Nota:
       Como el modelo actual no almacena contrasena, se valida el
       acceso mediante correo registrado.
       ============================================================ */

    CREATE PROCEDURE Procesos.sp_IniciarSesion
        @correoUsuario VARCHAR(50)
    AS
    BEGIN
        SET NOCOUNT ON;

        IF NOT EXISTS (
            SELECT 1
            FROM Seguridad.Usuario
            WHERE correoUsuario = @correoUsuario
        )
        BEGIN
            THROW 50002, 'No existe un usuario registrado con ese correo.', 1;
        END;

        SELECT
            idUsuario,
            nombreUsuario,
            apellidoUsuario,
            correoUsuario,
            fechaRegistroUsuario
        FROM Seguridad.Usuario
        WHERE correoUsuario = @correoUsuario;
    END;
    GO


    /* ============================================================
       SP 3 - CREAR PLAYLIST
       Caso de uso:
       Crear playlist
       ============================================================ */

    CREATE PROCEDURE Procesos.sp_CrearPlaylist
        @Usuario_idUsuario INT,
        @nombrePlaylist VARCHAR(50),
        @fechaCreacionPlaylist DATE,
        @privacidadPlaylist VARCHAR(50) = 'Privada',
        @descripcionPlaylist VARCHAR(50) = NULL
    AS
    BEGIN
        SET NOCOUNT ON;

        IF NOT EXISTS (
            SELECT 1
            FROM Seguridad.Usuario
            WHERE idUsuario = @Usuario_idUsuario
        )
        BEGIN
            THROW 50003, 'El usuario no existe.', 1;
        END;

        IF @privacidadPlaylist NOT IN ('Privada', 'Publica')
        BEGIN
            THROW 50004, 'La privacidad debe ser Privada o Publica.', 1;
        END;

        IF EXISTS (
            SELECT 1
            FROM Interaccion.Playlist
            WHERE Usuario_idUsuario = @Usuario_idUsuario
              AND nombrePlaylist = @nombrePlaylist
        )
        BEGIN
            THROW 50005, 'El usuario ya tiene una playlist con ese nombre.', 1;
        END;

        DECLARE @idPlaylist INT;

        SELECT @idPlaylist = ISNULL(MAX(idPlaylist), 0) + 1
        FROM Interaccion.Playlist;

        INSERT INTO Interaccion.Playlist
        (
            idPlaylist,
            nombrePlaylist,
            fechaCreacionPlaylist,
            privacidadPlaylist,
            descripcionPlaylist,
            Usuario_idUsuario
        )
        VALUES
        (
            @idPlaylist,
            @nombrePlaylist,
            @fechaCreacionPlaylist,
            @privacidadPlaylist,
            @descripcionPlaylist,
            @Usuario_idUsuario
        );

        SELECT 'Playlist creada correctamente' AS Mensaje, @idPlaylist AS idPlaylist;
    END;
    GO


    /* ============================================================
       SP 4 - AGREGAR CANCION A PLAYLIST
       Caso de uso:
       Agregar cancion a playlist
       ============================================================ */

    CREATE PROCEDURE Procesos.sp_AgregarCancionPlaylist
        @Playlist_idPlaylist INT,
        @Cancion_idCancion INT
    AS
    BEGIN
        SET NOCOUNT ON;

        IF NOT EXISTS (
            SELECT 1
            FROM Interaccion.Playlist
            WHERE idPlaylist = @Playlist_idPlaylist
        )
        BEGIN
            THROW 50006, 'La playlist no existe.', 1;
        END;

        IF NOT EXISTS (
            SELECT 1
            FROM Catalogo.Cancion
            WHERE idCancion = @Cancion_idCancion
        )
        BEGIN
            THROW 50007, 'La cancion no existe.', 1;
        END;

        IF EXISTS (
            SELECT 1
            FROM Interaccion.CancionPlaylist
            WHERE Playlist_idPlaylist = @Playlist_idPlaylist
              AND Cancion_idCancion = @Cancion_idCancion
        )
        BEGIN
            THROW 50008, 'La cancion ya pertenece a esta playlist.', 1;
        END;

        INSERT INTO Interaccion.CancionPlaylist
        (
            Cancion_idCancion,
            Playlist_idPlaylist
        )
        VALUES
        (
            @Cancion_idCancion,
            @Playlist_idPlaylist
        );

        SELECT 'Cancion agregada correctamente a la playlist' AS Mensaje;
    END;
    GO


    /* ============================================================
       SP 5 - REGISTRAR REPRODUCCION
       Caso de uso:
       Reproducir cancion
       ============================================================ */

    CREATE PROCEDURE Procesos.sp_RegistrarReproduccion
        @Usuario_idUsuario INT,
        @Cancion_idCancion INT,
        @fechaReproduccion DATE,
        @duracionReproduccion FLOAT
    AS
    BEGIN
        SET NOCOUNT ON;

        IF NOT EXISTS (
            SELECT 1
            FROM Seguridad.Usuario
            WHERE idUsuario = @Usuario_idUsuario
        )
        BEGIN
            THROW 50009, 'El usuario no existe.', 1;
        END;

        IF NOT EXISTS (
            SELECT 1
            FROM Catalogo.Cancion
            WHERE idCancion = @Cancion_idCancion
        )
        BEGIN
            THROW 50010, 'La cancion no existe.', 1;
        END;

        IF @duracionReproduccion < 0
        BEGIN
            THROW 50011, 'La duracion de reproduccion no puede ser negativa.', 1;
        END;

        DECLARE @idReproduccion INT;

        SELECT @idReproduccion = ISNULL(MAX(idReproduccion), 0) + 1
        FROM Interaccion.Reproduccion;

        INSERT INTO Interaccion.Reproduccion
        (
            idReproduccion,
            fechaReproduccion,
            duracionReproduccion,
            Usuario_idUsuario,
            Cancion_idCancion
        )
        VALUES
        (
            @idReproduccion,
            @fechaReproduccion,
            @duracionReproduccion,
            @Usuario_idUsuario,
            @Cancion_idCancion
        );

        SELECT 'Reproduccion registrada correctamente' AS Mensaje, @idReproduccion AS idReproduccion;
    END;
    GO


    /* ============================================================
       SP 6 - DAR LIKE A UNA CANCION
       Caso de uso:
       Dar like a una cancion
       ============================================================ */

    CREATE PROCEDURE Procesos.sp_DarLikeCancion
        @Usuario_idUsuario INT,
        @Cancion_idCancion INT
    AS
    BEGIN
        SET NOCOUNT ON;

        IF NOT EXISTS (
            SELECT 1
            FROM Seguridad.Usuario
            WHERE idUsuario = @Usuario_idUsuario
        )
        BEGIN
            THROW 50012, 'El usuario no existe.', 1;
        END;

        IF NOT EXISTS (
            SELECT 1
            FROM Catalogo.Cancion
            WHERE idCancion = @Cancion_idCancion
        )
        BEGIN
            THROW 50013, 'La cancion no existe.', 1;
        END;

        IF EXISTS (
            SELECT 1
            FROM Interaccion.UsuarioCancion
            WHERE Usuario_idUsuario = @Usuario_idUsuario
              AND Cancion_idCancion = @Cancion_idCancion
        )
        BEGIN
            THROW 50014, 'El usuario ya dio like a esta cancion.', 1;
        END;

        INSERT INTO Interaccion.UsuarioCancion
        (
            Usuario_idUsuario,
            Cancion_idCancion
        )
        VALUES
        (
            @Usuario_idUsuario,
            @Cancion_idCancion
        );

        SELECT 'Like registrado correctamente' AS Mensaje;
    END;
    GO


    /* ============================================================
       SP 7 - SEGUIR ARTISTA
       Caso de uso:
       Seguir artista
       ============================================================ */

    CREATE PROCEDURE Procesos.sp_SeguirArtista
        @Usuario_idUsuario INT,
        @Artista_idArtista INT
    AS
    BEGIN
        SET NOCOUNT ON;

        IF NOT EXISTS (
            SELECT 1
            FROM Seguridad.Usuario
            WHERE idUsuario = @Usuario_idUsuario
        )
        BEGIN
            THROW 50015, 'El usuario no existe.', 1;
        END;

        IF NOT EXISTS (
            SELECT 1
            FROM Catalogo.Artista
            WHERE idArtista = @Artista_idArtista
        )
        BEGIN
            THROW 50016, 'El artista no existe.', 1;
        END;

        IF EXISTS (
            SELECT 1
            FROM Interaccion.UsuarioArtista
            WHERE Usuario_idUsuario = @Usuario_idUsuario
              AND Artista_idArtista = @Artista_idArtista
        )
        BEGIN
            THROW 50017, 'El usuario ya sigue a este artista.', 1;
        END;

        INSERT INTO Interaccion.UsuarioArtista
        (
            Usuario_idUsuario,
            Artista_idArtista
        )
        VALUES
        (
            @Usuario_idUsuario,
            @Artista_idArtista
        );

        SELECT 'Artista seguido correctamente' AS Mensaje;
    END;
    GO


    /* ============================================================
       SP 8 - REGISTRAR SUSCRIPCION
       Caso de uso:
       Seleccionar suscripcion
       ============================================================ */

    CREATE PROCEDURE Procesos.sp_RegistrarSuscripcion
        @Usuario_idUsuario INT,
        @tipoPlanSuscripcion VARCHAR(50),
        @fechaInicioSuscripcion DATE,
        @fechaFinSuscripcion DATE = NULL,
        @estadoSuscripcion VARCHAR(50) = 'Activa'
    AS
    BEGIN
        SET NOCOUNT ON;

        IF NOT EXISTS (
            SELECT 1
            FROM Seguridad.Usuario
            WHERE idUsuario = @Usuario_idUsuario
        )
        BEGIN
            THROW 50018, 'El usuario no existe.', 1;
        END;

        IF @tipoPlanSuscripcion NOT IN ('Gratis', 'Premium')
        BEGIN
            THROW 50019, 'El tipo de plan debe ser Gratis o Premium.', 1;
        END;

        IF @estadoSuscripcion NOT IN ('Activa', 'Cancelada', 'Vencida')
        BEGIN
            THROW 50020, 'El estado de suscripcion no es valido.', 1;
        END;

        DECLARE @idSuscripcion INT;

        SELECT @idSuscripcion = ISNULL(MAX(idSuscripcion), 0) + 1
        FROM Finanzas.Suscripcion;

        INSERT INTO Finanzas.Suscripcion
        (
            idSuscripcion,
            tipoPlanSuscripcion,
            fechaInicioSuscripcion,
            fechaFinSuscripcion,
            estadoSuscripcion,
            Usuario_idUsuario
        )
        VALUES
        (
            @idSuscripcion,
            @tipoPlanSuscripcion,
            @fechaInicioSuscripcion,
            @fechaFinSuscripcion,
            @estadoSuscripcion,
            @Usuario_idUsuario
        );

        SELECT 'Suscripcion registrada correctamente' AS Mensaje, @idSuscripcion AS idSuscripcion;
    END;
    GO


    /* ============================================================
       SP 9 - REGISTRAR PAGO DE SUSCRIPCION
       Caso de uso:
       Registrar pago de suscripcion
       ============================================================ */

    CREATE PROCEDURE Procesos.sp_RegistrarPago
        @Suscripcion_idSuscripcion INT,
        @fechaPago DATE,
        @montoPago DECIMAL(10,2)
    AS
    BEGIN
        SET NOCOUNT ON;

        IF NOT EXISTS (
            SELECT 1
            FROM Finanzas.Suscripcion
            WHERE idSuscripcion = @Suscripcion_idSuscripcion
        )
        BEGIN
            THROW 50021, 'La suscripcion no existe.', 1;
        END;

        IF @montoPago <= 0
        BEGIN
            THROW 50022, 'El monto del pago debe ser mayor a cero.', 1;
        END;

        DECLARE @idPago INT;

        SELECT @idPago = ISNULL(MAX(idPago), 0) + 1
        FROM Finanzas.Pago;

        INSERT INTO Finanzas.Pago
        (
            idPago,
            fechaPago,
            montoPago,
            Suscripcion_idSuscripcion
        )
        VALUES
        (
            @idPago,
            @fechaPago,
            @montoPago,
            @Suscripcion_idSuscripcion
        );

        SELECT 'Pago registrado correctamente' AS Mensaje, @idPago AS idPago;
    END;
    GO


    /* ============================================================
       SP 10 - CALCULAR REGALIA
       Caso de uso:
       Calcular regalias
       ============================================================ */

    CREATE PROCEDURE Procesos.sp_CalcularRegaliaCancion
        @Cancion_idCancion INT,
        @valorPorReproduccion DECIMAL(10,2),
        @fechaCalculoRegalia DATE
    AS
    BEGIN
        SET NOCOUNT ON;

        IF NOT EXISTS (
            SELECT 1
            FROM Catalogo.Cancion
            WHERE idCancion = @Cancion_idCancion
        )
        BEGIN
            THROW 50023, 'La cancion no existe.', 1;
        END;

        IF @valorPorReproduccion <= 0
        BEGIN
            THROW 50024, 'El valor por reproduccion debe ser mayor a cero.', 1;
        END;

        DECLARE @cantidadReproducciones INT;
        DECLARE @montoGeneradoRegalia DECIMAL(10,2);
        DECLARE @idRegalia INT;

        SELECT @cantidadReproducciones = COUNT(*)
        FROM Interaccion.Reproduccion
        WHERE Cancion_idCancion = @Cancion_idCancion;

        SET @montoGeneradoRegalia = @cantidadReproducciones * @valorPorReproduccion;

        SELECT @idRegalia = ISNULL(MAX(idRegalia), 0) + 1
        FROM Finanzas.Regalia;

        INSERT INTO Finanzas.Regalia
        (
            idRegalia,
            cantidadReproduccionesRegalia,
            montoGeneradoRegalia,
            fechaCalculoRegalia,
            Cancion_idCancion
        )
        VALUES
        (
            @idRegalia,
            @cantidadReproducciones,
            @montoGeneradoRegalia,
            @fechaCalculoRegalia,
            @Cancion_idCancion
        );

        SELECT 
            'Regalia calculada correctamente' AS Mensaje,
            @idRegalia AS idRegalia,
            @cantidadReproducciones AS cantidadReproducciones,
            @montoGeneradoRegalia AS montoGeneradoRegalia;
    END;
    GO

    /* ============================================================
       SP 11 - CONSULTAR CANCIONES DE UN ARTISTA
       Caso de uso:
       Ver el catalogo de canciones de un artista en la pagina de detalle.
       ============================================================ */

    CREATE PROCEDURE Procesos.sp_ConsultarCancionesArtista
        @idArtista INT
    AS
    BEGIN
        SET NOCOUNT ON;

        SELECT
            c.idCancion,
            c.tituloCancion,
            c.duracionCancion,
            g.nombreGenero,
            al.tituloAlbum,
            al.idAlbum
        FROM   Interaccion.ArtistaCancion ac
        JOIN   Catalogo.Cancion  c  ON ac.Cancion_idCancion = c.idCancion
        LEFT JOIN Catalogo.Genero  g  ON c.Genero_idGenero  = g.idGenero
        LEFT JOIN Catalogo.Album   al ON c.Album_idAlbum    = al.idAlbum
        WHERE  ac.Artista_idArtista = @idArtista;
    END;
    GO


/* ============================================================
   SECCION 6 - TRIGGERS
   Objetivo:
   Automatizar validaciones o acciones posteriores a cambios en datos.
   ============================================================ */


    USE SonoraInc;
    GO

    /* ============================================================
       TRIGGER 1 - VALIDAR PAGO DE SUSCRIPCION
       Regla:
       El monto de un pago debe ser mayor a cero.
       ============================================================ */

    CREATE TRIGGER Finanzas.trg_ValidarMontoPago
    ON Finanzas.Pago
    AFTER INSERT, UPDATE
    AS
    BEGIN
        SET NOCOUNT ON;

        IF EXISTS (
            SELECT 1
            FROM inserted
            WHERE montoPago <= 0
        )
        BEGIN
            THROW 50101, 'El monto del pago debe ser mayor a cero.', 1;
        END;
    END;
    GO


    /* ============================================================
       TRIGGER 2 - VALIDAR PAGO SOLO PARA PLAN PREMIUM
       Regla:
       Solo las suscripciones Premium deben registrar pagos.
       ============================================================ */

    CREATE TRIGGER Finanzas.trg_ValidarPagoPremium
    ON Finanzas.Pago
    AFTER INSERT, UPDATE
    AS
    BEGIN
        SET NOCOUNT ON;

        IF EXISTS (
            SELECT 1
            FROM inserted I
            INNER JOIN Finanzas.Suscripcion S
                ON I.Suscripcion_idSuscripcion = S.idSuscripcion
            WHERE S.tipoPlanSuscripcion <> 'Premium'
        )
        BEGIN
            THROW 50102, 'Solo las suscripciones Premium pueden registrar pagos.', 1;
        END;
    END;
    GO


    /* ============================================================
       TRIGGER 3 - ACTUALIZAR SUSCRIPCION TRAS PAGO
       Regla:
       Cuando se registra un pago valido, la suscripcion se mantiene
       como Activa.
       ============================================================ */

    CREATE TRIGGER Finanzas.trg_ActualizarEstadoSuscripcionPago
    ON Finanzas.Pago
    AFTER INSERT
    AS
    BEGIN
        SET NOCOUNT ON;

        UPDATE S
        SET estadoSuscripcion = 'Activa'
        FROM Finanzas.Suscripcion S
        INNER JOIN inserted I
            ON S.idSuscripcion = I.Suscripcion_idSuscripcion;
    END;
    GO


    /* ============================================================
       TRIGGER 4 - VALIDAR DURACION DE REPRODUCCION
       Regla:
       La duracion reproducida no puede ser negativa ni mayor que
       la duracion total de la cancion.
       ============================================================ */

    CREATE TRIGGER Interaccion.trg_ValidarDuracionReproduccion
    ON Interaccion.Reproduccion
    AFTER INSERT, UPDATE
    AS
    BEGIN
        SET NOCOUNT ON;

        IF EXISTS (
            SELECT 1
            FROM inserted I
            INNER JOIN Catalogo.Cancion C
                ON I.Cancion_idCancion = C.idCancion
            WHERE I.duracionReproduccion < 0
               OR I.duracionReproduccion > C.duracionCancion
        )
        BEGIN
            THROW 50103, 'La duracion de reproduccion no puede ser negativa ni mayor a la duracion de la cancion.', 1;
        END;
    END;
    GO


    /* ============================================================
       TRIGGER 5 - VALIDAR REGALIA
       Regla:
       La cantidad de reproducciones y el monto generado por regalia
       no pueden ser negativos.
       ============================================================ */

    CREATE TRIGGER Finanzas.trg_ValidarRegalia
    ON Finanzas.Regalia
    AFTER INSERT, UPDATE
    AS
    BEGIN
        SET NOCOUNT ON;

        IF EXISTS (
            SELECT 1
            FROM inserted
            WHERE cantidadReproduccionesRegalia < 0
               OR montoGeneradoRegalia < 0
        )
        BEGIN
            THROW 50104, 'La regalia no puede tener reproducciones o montos negativos.', 1;
        END;
    END;
    GO


    /* ============================================================
       TRIGGER 6 - VALIDAR FECHAS DE SUSCRIPCION
       Regla:
       La fecha fin de suscripcion no puede ser menor que la fecha
       de inicio.
       ============================================================ */

    CREATE TRIGGER Finanzas.trg_ValidarFechasSuscripcion
    ON Finanzas.Suscripcion
    AFTER INSERT, UPDATE
    AS
    BEGIN
        SET NOCOUNT ON;

        IF EXISTS (
            SELECT 1
            FROM inserted
            WHERE fechaFinSuscripcion IS NOT NULL
              AND fechaFinSuscripcion < fechaInicioSuscripcion
        )
        BEGIN
            THROW 50105, 'La fecha fin de suscripcion no puede ser menor que la fecha de inicio.', 1;
        END;
    END;
    GO


/* ============================================================
   SECCION 7 - CURSORES
   Objetivo:
   Implementar procesos secuenciales, como calculo de regalias.
   ============================================================ */
 
   CREATE PROCEDURE Procesos.sp_CalcularRegaliasGlobal
        @valorPorReproduccion DECIMAL(10,2),
        @fechaCalculoRegalia DATE
    AS
    BEGIN
        SET NOCOUNT ON;

        DECLARE @idCancion INT;
        DECLARE @cantidadReproducciones INT;
        DECLARE @montoRegalia DECIMAL(10,2);
        DECLARE @idRegalia INT;

        DECLARE cursorCanciones CURSOR FOR
            SELECT idCancion
            FROM Catalogo.Cancion;

        OPEN cursorCanciones;

        FETCH NEXT FROM cursorCanciones INTO @idCancion;

        WHILE @@FETCH_STATUS = 0
        BEGIN
            SELECT @cantidadReproducciones = COUNT(*)
            FROM Interaccion.Reproduccion
            WHERE Cancion_idCancion = @idCancion;

            SET @montoRegalia = ISNULL(@cantidadReproducciones, 0) * @valorPorReproduccion;

            SELECT @idRegalia = ISNULL(MAX(idRegalia), 0) + 1
            FROM Finanzas.Regalia;

            INSERT INTO Finanzas.Regalia
            (
                idRegalia,
                cantidadReproduccionesRegalia,
                montoGeneradoRegalia,
                fechaCalculoRegalia,
                Cancion_idCancion
            )
            VALUES
            (
                @idRegalia,
                ISNULL(@cantidadReproducciones, 0),
                @montoRegalia,
                @fechaCalculoRegalia,
                @idCancion
            );

            FETCH NEXT FROM cursorCanciones INTO @idCancion;
        END;

        CLOSE cursorCanciones;
        DEALLOCATE cursorCanciones;

        SELECT 'Regalias calculadas correctamente' AS Mensaje;
    END;
    GO

    CREATE PROCEDURE Procesos.sp_ActualizarSuscripcionesVencidas
    AS
    BEGIN
        SET NOCOUNT ON;

        DECLARE @idSuscripcion INT;

        DECLARE cursorSuscripciones CURSOR FOR
            SELECT idSuscripcion
            FROM Finanzas.Suscripcion
            WHERE fechaFinSuscripcion IS NOT NULL
              AND fechaFinSuscripcion < CAST(GETDATE() AS DATE)
              AND estadoSuscripcion <> 'Vencida';

        OPEN cursorSuscripciones;

        FETCH NEXT FROM cursorSuscripciones INTO @idSuscripcion;

        WHILE @@FETCH_STATUS = 0
        BEGIN
            UPDATE Finanzas.Suscripcion
            SET estadoSuscripcion = 'Vencida'
            WHERE idSuscripcion = @idSuscripcion;

            FETCH NEXT FROM cursorSuscripciones INTO @idSuscripcion;
        END;

        CLOSE cursorSuscripciones;
        DEALLOCATE cursorSuscripciones;

        SELECT 'Suscripciones vencidas actualizadas correctamente' AS Mensaje;
    END;
    GO

      CREATE PROCEDURE Procesos.sp_GenerarPlaylistAutomaticaUsuarios
        AS
        BEGIN
            SET NOCOUNT ON;

            DECLARE @idUsuario INT;
            DECLARE @idPlaylist INT;

            DECLARE cursorUsuarios CURSOR FOR
                SELECT idUsuario
                FROM Seguridad.Usuario;

            OPEN cursorUsuarios;

            FETCH NEXT FROM cursorUsuarios INTO @idUsuario;

            WHILE @@FETCH_STATUS = 0
            BEGIN
                SELECT @idPlaylist = ISNULL(MAX(idPlaylist), 0) + 1
                FROM Interaccion.Playlist;

                INSERT INTO Interaccion.Playlist
                (
                    idPlaylist,
                    nombrePlaylist,
                    fechaCreacionPlaylist,
                    privacidadPlaylist,
                    descripcionPlaylist,
                    Usuario_idUsuario
                )
                VALUES
                (
                    @idPlaylist,
                    'Playlist Auto Usuario ' + CAST(@idUsuario AS VARCHAR),
                    CAST(GETDATE() AS DATE),
                    'Privada',
                    'Generada automaticamente',
                    @idUsuario
                );

                INSERT INTO Interaccion.CancionPlaylist (Cancion_idCancion, Playlist_idPlaylist)
                SELECT DISTINCT
                    Cancion_idCancion,
                    @idPlaylist
                FROM Interaccion.Reproduccion
                WHERE Usuario_idUsuario = @idUsuario;

                FETCH NEXT FROM cursorUsuarios INTO @idUsuario;
            END;

            CLOSE cursorUsuarios;
            DEALLOCATE cursorUsuarios;

            SELECT 'Playlists generadas correctamente' AS Mensaje;
        END;
        GO


        CREATE PROCEDURE Procesos.sp_ResumenActividadUsuarios
    AS
    BEGIN
        SET NOCOUNT ON;

        DECLARE @idUsuario INT;
        DECLARE @totalReproducciones INT;
        DECLARE @totalLikes INT;

        DECLARE @resultado TABLE
        (
            idUsuario INT,
            totalReproducciones INT,
            totalLikes INT
        );

        DECLARE cursorUsuarios CURSOR FOR
            SELECT idUsuario
            FROM Seguridad.Usuario;

        OPEN cursorUsuarios;

        FETCH NEXT FROM cursorUsuarios INTO @idUsuario;

        WHILE @@FETCH_STATUS = 0
        BEGIN
            SELECT @totalReproducciones = COUNT(*)
            FROM Interaccion.Reproduccion
            WHERE Usuario_idUsuario = @idUsuario;

            SELECT @totalLikes = COUNT(*)
            FROM Interaccion.UsuarioCancion
            WHERE Usuario_idUsuario = @idUsuario;

            INSERT INTO @resultado
            VALUES
            (
                @idUsuario,
                ISNULL(@totalReproducciones, 0),
                ISNULL(@totalLikes, 0)
            );

            FETCH NEXT FROM cursorUsuarios INTO @idUsuario;
        END;

        CLOSE cursorUsuarios;
        DEALLOCATE cursorUsuarios;

        SELECT * FROM @resultado;
    END;
    GO

/* ============================================================
   SECCION 8 - VISTAS Y REPORTES
   Objetivo:
   Crear consultas reutilizables para los informes del sistema.
   ============================================================ */

    USE SonoraInc;
    GO

    /* ============================================================
       VISTA 1 - CANCIONES MAS REPRODUCIDAS
       ============================================================ */

    CREATE VIEW Reportes.vCancionesMasReproducidas
    AS
    SELECT
        C.idCancion,
        C.tituloCancion,
        COUNT(R.idReproduccion) AS totalReproducciones
    FROM Catalogo.Cancion C
    LEFT JOIN Interaccion.Reproduccion R
        ON C.idCancion = R.Cancion_idCancion
    GROUP BY
        C.idCancion,
        C.tituloCancion;
    GO


    /* ============================================================
       VISTA 2 - USUARIOS CON MAYOR ACTIVIDAD
       ============================================================ */

    CREATE VIEW Reportes.vActividadUsuarios
    AS
    SELECT
        U.idUsuario,
        U.nombreUsuario,
        U.apellidoUsuario,
        COUNT(R.idReproduccion) AS totalReproducciones
    FROM Seguridad.Usuario U
    LEFT JOIN Interaccion.Reproduccion R
        ON U.idUsuario = R.Usuario_idUsuario
    GROUP BY
        U.idUsuario,
        U.nombreUsuario,
        U.apellidoUsuario;
    GO


    /* ============================================================
       VISTA 3 - CANCIONES CON MAS LIKES
       ============================================================ */

    CREATE VIEW Reportes.vCancionesConMasLikes
    AS
    SELECT
        C.idCancion,
        C.tituloCancion,
        COUNT(UC.Usuario_idUsuario) AS totalLikes
    FROM Catalogo.Cancion C
    LEFT JOIN Interaccion.UsuarioCancion UC
        ON C.idCancion = UC.Cancion_idCancion
    GROUP BY
        C.idCancion,
        C.tituloCancion;
    GO


    /* ============================================================
       VISTA 4 - ARTISTAS MAS SEGUIDOS
       ============================================================ */

    CREATE VIEW Reportes.vArtistasMasSeguidos
    AS
    SELECT
        A.idArtista,
        A.nombreArtista,
        COUNT(UA.Usuario_idUsuario) AS totalSeguidores
    FROM Catalogo.Artista A
    LEFT JOIN Interaccion.UsuarioArtista UA
        ON A.idArtista = UA.Artista_idArtista
    GROUP BY
        A.idArtista,
        A.nombreArtista;
    GO


    /* ============================================================
       VISTA 5 - HISTORIAL DE REPRODUCCIONES
       ============================================================ */

    CREATE VIEW Reportes.vHistorialReproducciones
    AS
    SELECT
        R.idReproduccion,
        U.idUsuario,
        U.nombreUsuario,
        U.apellidoUsuario,
        C.idCancion,
        C.tituloCancion,
        R.fechaReproduccion,
        R.duracionReproduccion
    FROM Interaccion.Reproduccion R
    INNER JOIN Seguridad.Usuario U
        ON R.Usuario_idUsuario = U.idUsuario
    INNER JOIN Catalogo.Cancion C
        ON R.Cancion_idCancion = C.idCancion;
    GO


    /* ============================================================
       VISTA 6 - INGRESOS POR SUSCRIPCION
       ============================================================ */

    CREATE VIEW Reportes.vIngresosPorSuscripcion
    AS
    SELECT
        S.idSuscripcion,
        U.idUsuario,
        U.nombreUsuario,
        U.apellidoUsuario,
        S.tipoPlanSuscripcion,
        S.estadoSuscripcion,
        SUM(P.montoPago) AS totalPagado
    FROM Finanzas.Suscripcion S
    INNER JOIN Seguridad.Usuario U
        ON S.Usuario_idUsuario = U.idUsuario
    LEFT JOIN Finanzas.Pago P
        ON S.idSuscripcion = P.Suscripcion_idSuscripcion
    GROUP BY
        S.idSuscripcion,
        U.idUsuario,
        U.nombreUsuario,
        U.apellidoUsuario,
        S.tipoPlanSuscripcion,
        S.estadoSuscripcion;
    GO


    /* ============================================================
       VISTA 7 - REGALIAS POR CANCION
       ============================================================ */

    CREATE VIEW Reportes.vRegaliasPorCancion
    AS
    SELECT
        C.idCancion,
        C.tituloCancion,
        SUM(RG.cantidadReproduccionesRegalia) AS totalReproduccionesRegalia,
        SUM(RG.montoGeneradoRegalia) AS totalRegalias
    FROM Catalogo.Cancion C
    LEFT JOIN Finanzas.Regalia RG
        ON C.idCancion = RG.Cancion_idCancion
    GROUP BY
        C.idCancion,
        C.tituloCancion;
    GO


    /* ============================================================
       VISTA 8 - CANCIONES POR GENERO
       ============================================================ */

    CREATE VIEW Reportes.vCancionesPorGenero
    AS
    SELECT
        G.idGenero,
        G.nombreGenero,
        COUNT(C.idCancion) AS totalCanciones
    FROM Catalogo.Genero G
    LEFT JOIN Catalogo.Cancion C
        ON G.idGenero = C.Genero_idGenero
    GROUP BY
        G.idGenero,
        G.nombreGenero;
    GO


    /* ============================================================
       VISTA 9 - PLAYLISTS POR USUARIO
       ============================================================ */

    CREATE VIEW Reportes.vPlaylistsPorUsuario
    AS
    SELECT
        U.idUsuario,
        U.nombreUsuario,
        U.apellidoUsuario,
        COUNT(P.idPlaylist) AS totalPlaylists
    FROM Seguridad.Usuario U
    LEFT JOIN Interaccion.Playlist P
        ON U.idUsuario = P.Usuario_idUsuario
    GROUP BY
        U.idUsuario,
        U.nombreUsuario,
        U.apellidoUsuario;
    GO


    /* ============================================================
       VISTA 10 - DETALLE DE PLAYLISTS
       ============================================================ */

    CREATE VIEW Reportes.vDetallePlaylists
    AS
    SELECT
        P.idPlaylist,
        P.nombrePlaylist,
        U.idUsuario,
        U.nombreUsuario,
        U.apellidoUsuario,
        C.idCancion,
        C.tituloCancion
    FROM Interaccion.Playlist P
    INNER JOIN Seguridad.Usuario U
        ON P.Usuario_idUsuario = U.idUsuario
    INNER JOIN Interaccion.CancionPlaylist CP
        ON P.idPlaylist = CP.Playlist_idPlaylist
    INNER JOIN Catalogo.Cancion C
        ON CP.Cancion_idCancion = C.idCancion;
    GO




   /*
   -------------------------------------------------------------------------------
    ------------------------------------------------------------------------------
                  CARGA MASIVA DE DATOS
    ------------------------------------------------------------------------------
    ------------------------------------------------------------------------------
   */
   
    /* ============================================================
   SCRIPT 03 - CARGA MASIVA ROBUSTA
   Proyecto: Sonora Inc
   Base de datos: SonoraInc
   Descripcion:
   Carga masiva completa con 120 registros en tablas principales
   y volumen ampliado en tablas transaccionales y de relacion.
   Ejecutar despues del Script 01 y Script 02 sobre base limpia.
   ============================================================ */

USE SonoraInc;
GO

/* 1. Catalogo.Genero - 120 registros */
INSERT INTO Catalogo.Genero (idGenero, nombreGenero) VALUES
(1,'Pop'),
(2,'Rock'),
(3,'Hip-Hop'),
(4,'Reggaeton'),
(5,'Electronica'),
(6,'Indie'),
(7,'Clasica'),
(8,'Jazz'),
(9,'Salsa'),
(10,'Cumbia'),
(11,'Trap Latino'),
(12,'R&B'),
(13,'Soul'),
(14,'Funk'),
(15,'Disco'),
(16,'House'),
(17,'Techno'),
(18,'Deep House'),
(19,'Progressive House'),
(20,'Trance'),
(21,'Drum and Bass'),
(22,'Dubstep'),
(23,'Ambient'),
(24,'Lo-Fi'),
(25,'Folk'),
(26,'Country'),
(27,'Blues'),
(28,'Metal'),
(29,'Punk'),
(30,'Ska'),
(31,'Reggae'),
(32,'Dancehall'),
(33,'Bachata'),
(34,'Merengue'),
(35,'Vallenato'),
(36,'Bolero'),
(37,'Ranchera'),
(38,'Regional Mexicano'),
(39,'Corridos Tumbados'),
(40,'Mariachi'),
(41,'Bossa Nova'),
(42,'Samba'),
(43,'MPB'),
(44,'Tango'),
(45,'Flamenco'),
(46,'Fado'),
(47,'Afrobeats'),
(48,'Amapiano'),
(49,'K-Pop'),
(50,'J-Pop'),
(51,'Latin Pop'),
(52,'Pop Rock'),
(53,'Alternative Rock'),
(54,'Hard Rock'),
(55,'Soft Rock'),
(56,'Post Rock'),
(57,'Grunge'),
(58,'Shoegaze'),
(59,'Dream Pop'),
(60,'Synth Pop');
GO

INSERT INTO Catalogo.Genero (idGenero, nombreGenero) VALUES
(61,'New Wave'),
(62,'Electropop'),
(63,'Urban Latin'),
(64,'Dembow'),
(65,'Moombahton'),
(66,'Latin House'),
(67,'Andean Fusion'),
(68,'Andean Folk'),
(69,'Pasillo'),
(70,'Sanjuanito'),
(71,'Bomba Ecuatoriana'),
(72,'Marimba'),
(73,'Tropical'),
(74,'Tex-Mex'),
(75,'Norteno'),
(76,'Grupero'),
(77,'Sierreno'),
(78,'Pop Punk'),
(79,'Emo'),
(80,'Post Punk'),
(81,'Garage Rock'),
(82,'Psychedelic Rock'),
(83,'Art Pop'),
(84,'Experimental'),
(85,'Neo Soul'),
(86,'Gospel'),
(87,'Christian Music'),
(88,'Soundtrack'),
(89,'Instrumental'),
(90,'Chillout'),
(91,'Downtempo'),
(92,'Trip Hop'),
(93,'Future Bass'),
(94,'Vaporwave'),
(95,'Hyperpop'),
(96,'Bedroom Pop'),
(97,'Latin Jazz'),
(98,'Smooth Jazz'),
(99,'Big Band'),
(100,'Classical Piano'),
(101,'Opera'),
(102,'Chamber Music'),
(103,'World Music'),
(104,'Meditation'),
(105,'Acoustic'),
(106,'Singer Songwriter'),
(107,'Freestyle'),
(108,'Old School Rap'),
(109,'Boom Bap'),
(110,'Latin Trap'),
(111,'Perreo'),
(112,'Romantic Pop'),
(113,'Ballad'),
(114,'Tropical Pop'),
(115,'EDM'),
(116,'Minimal Techno'),
(117,'Industrial'),
(118,'Noise'),
(119,'Children Music'),
(120,'Podcast Music');
GO

/* 2. Catalogo.Productora - 120 registros */
INSERT INTO Catalogo.Productora (idProductora, nombreProductora, paisProductora, correoProductora) VALUES
(1,'Universal Music Ecuador','Estados Unidos','contacto1@universalmusicecuador.com'),
(2,'Sony Music Latino','Mexico','contacto2@sonymusiclatino.com'),
(3,'Warner Musica','Colombia','contacto3@warnermusica.com'),
(4,'Interscope Records','Argentina','contacto4@interscoperecords.com'),
(5,'EMI Latinoamerica','Reino Unido','contacto5@emilatinoamerica.com'),
(6,'Independiente Records','Alemania','contacto6@independienterecords.com'),
(7,'Atlantic Records Latam','Puerto Rico','contacto7@atlanticrecordslatam.com'),
(8,'Capitol Music Group','Chile','contacto8@capitolmusicgroup.com'),
(9,'Def Jam Recordings','Peru','contacto9@defjamrecordings.com'),
(10,'RCA Records','Brasil','contacto10@rcarecords.com'),
(11,'Rimas Entertainment','Venezuela','contacto11@rimasentertainment.com'),
(12,'Republic Records','Panama','contacto12@republicrecords.com'),
(13,'Columbia Records','Bolivia','contacto13@columbiarecords.com'),
(14,'Odd Future Records','Canada','contacto14@oddfuturerecords.com'),
(15,'Liberato Music','Ecuador','contacto15@liberatomusic.com'),
(16,'Peerless Records Mexico','Estados Unidos','contacto16@peerlessrecordsmexico.com'),
(17,'Nacional Records','Mexico','contacto17@nacionalrecords.com'),
(18,'Discos Fuentes','Colombia','contacto18@discosfuentes.com'),
(19,'Virgin Music Latam','Argentina','contacto19@virginmusiclatam.com'),
(20,'Island Records','Reino Unido','contacto20@islandrecords.com'),
(21,'Elektra Records','Alemania','contacto21@elektrarecords.com'),
(22,'Epic Records','Puerto Rico','contacto22@epicrecords.com'),
(23,'Geffen Records','Chile','contacto23@geffenrecords.com'),
(24,'Kobalt Music Group','Peru','contacto24@kobaltmusicgroup.com'),
(25,'Universal Music Mexico','Brasil','contacto25@universalmusicmexico.com'),
(26,'Sony Music Colombia','Venezuela','contacto26@sonymusiccolombia.com'),
(27,'BMG Rights Management','Panama','contacto27@bmgrightsmanagement.com'),
(28,'Concord Music Group','Bolivia','contacto28@concordmusicgroup.com'),
(29,'Secretly Group','Canada','contacto29@secretlygroup.com'),
(30,'XL Recordings','Ecuador','contacto30@xlrecordings.com'),
(31,'4AD Records','Estados Unidos','contacto31@4adrecords.com'),
(32,'Sub Pop Records','Mexico','contacto32@subpoprecords.com'),
(33,'Matador Records','Colombia','contacto33@matadorrecords.com'),
(34,'Epitaph Records','Argentina','contacto34@epitaphrecords.com'),
(35,'Merge Records','Reino Unido','contacto35@mergerecords.com'),
(36,'Parlophone Records','Alemania','contacto36@parlophonerecords.com'),
(37,'Polydor Records','Puerto Rico','contacto37@polydorrecords.com'),
(38,'Top Dawg Entertainment','Chile','contacto38@topdawgentertainment.com'),
(39,'EMPIRE Distribution','Peru','contacto39@empiredistribution.com'),
(40,'Motown Records','Brasil','contacto40@motownrecords.com'),
(41,'Futura Discos','Venezuela','contacto41@futuradiscos.com'),
(42,'Rondador Music','Panama','contacto42@rondadormusic.com'),
(43,'Circo Beat','Bolivia','contacto43@circobeat.com'),
(44,'Warp Records','Canada','contacto44@warprecords.com'),
(45,'Domino Recording','Ecuador','contacto45@dominorecording.com'),
(46,'City Slang','Estados Unidos','contacto46@cityslang.com'),
(47,'Cascine','Mexico','contacto47@cascine.com'),
(48,'Secretly Canadian','Colombia','contacto48@secretlycanadian.com'),
(49,'Jagjaguwar','Argentina','contacto49@jagjaguwar.com'),
(50,'Dead Oceans','Reino Unido','contacto50@deadoceans.com'),
(51,'Ghostly International','Alemania','contacto51@ghostlyinternational.com'),
(52,'Ninja Tune','Puerto Rico','contacto52@ninjatune.com'),
(53,'Hyperdub','Chile','contacto53@hyperdub.com'),
(54,'Planet Mu','Peru','contacto54@planetmu.com'),
(55,'Kompakt','Brasil','contacto55@kompakt.com'),
(56,'Mute Records','Venezuela','contacto56@muterecords.com'),
(57,'Rough Trade Records','Panama','contacto57@roughtraderecords.com'),
(58,'Beggars Group','Bolivia','contacto58@beggarsgroup.com'),
(59,'Drag City','Canada','contacto59@dragcity.com'),
(60,'Touch and Go Records','Ecuador','contacto60@touchandgorecords.com');
GO

INSERT INTO Catalogo.Productora (idProductora, nombreProductora, paisProductora, correoProductora) VALUES
(61,'Constellation Records','Estados Unidos','contacto61@constellationrecords.com'),
(62,'Kranky Records','Mexico','contacto62@krankyrecords.com'),
(63,'Important Records','Colombia','contacto63@importantrecords.com'),
(64,'Type Records','Argentina','contacto64@typerecords.com'),
(65,'Thrill Jockey','Reino Unido','contacto65@thrilljockey.com'),
(66,'Temporary Residence','Alemania','contacto66@temporaryresidence.com'),
(67,'Morr Music','Puerto Rico','contacto67@morrmusic.com'),
(68,'Denovali Records','Chile','contacto68@denovalirecords.com'),
(69,'Erased Tapes','Peru','contacto69@erasedtapes.com'),
(70,'Sony Music Argentina','Brasil','contacto70@sonymusicargentina.com'),
(71,'Universal Music Chile','Venezuela','contacto71@universalmusicchile.com'),
(72,'Warner Music Peru','Panama','contacto72@warnermusicperu.com'),
(73,'Virgin Records Brasil','Bolivia','contacto73@virginrecordsbrasil.com'),
(74,'Fonograff','Canada','contacto74@fonograff.com'),
(75,'Presto Music','Ecuador','contacto75@prestomusic.com'),
(76,'Codiscos','Estados Unidos','contacto76@codiscos.com'),
(77,'Orfeon Videovisa','Mexico','contacto77@orfeonvideovisa.com'),
(78,'Balboa Records','Colombia','contacto78@balboarecords.com'),
(79,'Promusica','Argentina','contacto79@promusica.com'),
(80,'Tumi Music','Reino Unido','contacto80@tumimusic.com'),
(81,'Fania Records','Alemania','contacto81@faniarecords.com'),
(82,'Emusica','Puerto Rico','contacto82@emusica.com'),
(83,'DBN Group','Chile','contacto83@dbngroup.com'),
(84,'Zelenco','Peru','contacto84@zelenco.com'),
(85,'Chullpi Records','Brasil','contacto85@chullpirecords.com'),
(86,'Phonorama','Venezuela','contacto86@phonorama.com'),
(87,'Andes Music','Panama','contacto87@andesmusic.com'),
(88,'Mitad del Mundo Records','Bolivia','contacto88@mitaddelmundorecords.com'),
(89,'Quitu Records','Canada','contacto89@quiturecords.com'),
(90,'Tungurahua Sound','Ecuador','contacto90@tungurahuasound.com'),
(91,'Pachamama Records','Estados Unidos','contacto91@pachamamarecords.com'),
(92,'Galapagos Music','Mexico','contacto92@galapagosmusic.com'),
(93,'Sierra Label','Colombia','contacto93@sierralabel.com'),
(94,'Costa Sound','Argentina','contacto94@costasound.com'),
(95,'Amazon Beats','Reino Unido','contacto95@amazonbeats.com'),
(96,'Oriente Records','Alemania','contacto96@orienterecords.com'),
(97,'Chimborazo Discos','Puerto Rico','contacto97@chimborazodiscos.com'),
(98,'Cotopaxi Music','Chile','contacto98@cotopaximusic.com'),
(99,'Pichincha Records','Peru','contacto99@pichincharecords.com'),
(100,'Guayas Music Group','Brasil','contacto100@guayasmusicgroup.com'),
(101,'Manabi Records','Venezuela','contacto101@manabirecords.com'),
(102,'Azuay Sound','Panama','contacto102@azuaysound.com'),
(103,'Loja Music House','Bolivia','contacto103@lojamusichouse.com'),
(104,'Esmeraldas Groove','Canada','contacto104@esmeraldasgroove.com'),
(105,'Cuenca Sessions','Ecuador','contacto105@cuencasessions.com'),
(106,'Latitud Cero Music','Estados Unidos','contacto106@latitudceromusic.com'),
(107,'Pacific Sound Label','Mexico','contacto107@pacificsoundlabel.com'),
(108,'Andes Urban Records','Colombia','contacto108@andesurbanrecords.com'),
(109,'Quito Indie Lab','Argentina','contacto109@quitoindielab.com'),
(110,'Guayaquil Beat Records','Reino Unido','contacto110@guayaquilbeatrecords.com'),
(111,'Manta Music Co','Alemania','contacto111@mantamusicco.com'),
(112,'Ambato Records','Puerto Rico','contacto112@ambatorecords.com'),
(113,'Latam Indie Network','Chile','contacto113@latamindienetwork.com'),
(114,'Cordillera Music','Peru','contacto114@cordilleramusic.com'),
(115,'Amazonia Sonora','Brasil','contacto115@amazoniasonora.com'),
(116,'Selva Urbana Records','Venezuela','contacto116@selvaurbanarecords.com'),
(117,'Volcan Music Group','Panama','contacto117@volcanmusicgroup.com'),
(118,'Pacifico Urbano','Bolivia','contacto118@pacificourbano.com'),
(119,'Sonora Indie Label 119','Canada','contacto119@sonoraindielabel119.com'),
(120,'Sonora Indie Label 120','Ecuador','contacto120@sonoraindielabel120.com');
GO

/* 3. Catalogo.Album - 120 registros */
INSERT INTO Catalogo.Album (idAlbum, tituloAlbum, fechaLanzamientoAlbum) VALUES
(1,'Horizontes','2021-02-04'),
(2,'Neon Nights','2022-03-07'),
(3,'Calles de Fuego','2023-04-10'),
(4,'Marea Alta','2024-05-13'),
(5,'Universo Paralelo','2025-06-16'),
(6,'Sombras y Luz','2020-07-19'),
(7,'El Ultimo Verano','2021-08-22'),
(8,'Vibraciones','2022-09-25'),
(9,'Raices','2023-10-01'),
(10,'Destino Incierto','2024-11-04'),
(11,'Caos Controlado','2025-12-07'),
(12,'Promesas Rotas','2020-01-10'),
(13,'Vientos del Norte','2021-02-13'),
(14,'La Gran Ciudad','2022-03-16'),
(15,'Acustico en Vivo','2023-04-19'),
(16,'Un Verano Sin Ti','2024-05-22'),
(17,'Midnights','2025-06-25'),
(18,'Un Disco pa Bailar','2020-07-01'),
(19,'Motomami','2021-08-04'),
(20,'Mas Futuro Que Pasado','2022-09-07'),
(21,'Uforia','2023-10-10'),
(22,'Legendaddy','2024-11-13'),
(23,'SOS','2025-12-16'),
(24,'Igual de Raras','2020-01-19'),
(25,'La Burbuja','2021-02-22'),
(26,'Vida Cotidiana','2022-03-25'),
(27,'Orquideas','2023-04-01'),
(28,'Las Letras Ya No Importan','2024-05-04'),
(29,'Colores','2025-06-07'),
(30,'F8','2020-07-10'),
(31,'Endless Summer Vacation','2021-08-13'),
(32,'Guts','2022-09-16'),
(33,'Nadie Sabe Lo Que Va a Pasar Manana','2023-10-19'),
(34,'El Ultimo Tour Del Mundo','2024-11-22'),
(35,'Jose','2025-12-25'),
(36,'Parachutes','2020-01-01'),
(37,'Random Access Memories','2021-02-04'),
(38,'Blonde','2022-03-07'),
(39,'Ctrl','2023-04-10'),
(40,'Igor','2024-05-13'),
(41,'Good Kid MAAD City','2025-06-16'),
(42,'El Dorado','2020-07-19'),
(43,'Quiero Verte Sonreir','2021-08-22'),
(44,'Ladron de Fuego','2022-09-25'),
(45,'Alma','2023-10-01'),
(46,'Amar Amor','2024-11-04'),
(47,'Folklore','2025-12-07'),
(48,'After Hours','2020-01-10'),
(49,'Planet Her','2021-02-13'),
(50,'Happier Than Ever','2022-03-16'),
(51,'Future Nostalgia','2023-04-19'),
(52,'Chromatica','2024-05-22'),
(53,'Justice','2025-06-25'),
(54,'Donda','2020-07-01'),
(55,'Mr Morale and The Big Steppers','2021-08-04'),
(56,'Saturno','2022-09-07'),
(57,'Cowboy Carter','2023-10-10'),
(58,'Short n Sweet','2024-11-13'),
(59,'Brat','2025-12-16'),
(60,'The Great Impersonator','2020-01-19');
GO

INSERT INTO Catalogo.Album (idAlbum, tituloAlbum, fechaLanzamientoAlbum) VALUES
(61,'De Aqui pa Aya','2021-02-22'),
(62,'Tropico','2022-03-25'),
(63,'Volvere','2023-04-01'),
(64,'La Nina de Fuego','2024-05-04'),
(65,'Entre Colores','2025-06-07'),
(66,'Selva','2020-07-10'),
(67,'Tierra Adentro','2021-08-13'),
(68,'Pulso','2022-09-16'),
(69,'Ecos','2023-10-19'),
(70,'Brillo Propio','2024-11-22'),
(71,'Vuelo Libre','2025-12-25'),
(72,'Sin Filtros','2020-01-01'),
(73,'Mareas','2021-02-04'),
(74,'Noche y Dia','2022-03-07'),
(75,'Lluvia de Ideas','2023-04-10'),
(76,'Espejo','2024-05-13'),
(77,'Creciendo','2025-06-16'),
(78,'Silencio','2020-07-19'),
(79,'Memorias','2021-08-22'),
(80,'Caminos Cruzados','2022-09-25'),
(81,'Rebelde','2023-10-01'),
(82,'Fronteras','2024-11-04'),
(83,'Latidos','2025-12-07'),
(84,'Amanecer','2020-01-10'),
(85,'Piel de Luna','2021-02-13'),
(86,'Tempestades','2022-03-16'),
(87,'Cicatrices','2023-04-19'),
(88,'Instantes','2024-05-22'),
(89,'Cuentos de Viejos','2025-06-25'),
(90,'Huellas','2020-07-01'),
(91,'Raices Profundas','2021-08-04'),
(92,'Vibra','2022-09-07'),
(93,'Latitud Cero','2023-10-10'),
(94,'El Pulso del Ecuador','2024-11-13'),
(95,'Quitu','2025-12-16'),
(96,'Andino','2020-01-19'),
(97,'Pacifico','2021-02-22'),
(98,'Galapagueno','2022-03-25'),
(99,'Mitad del Mundo','2023-04-01'),
(100,'Cuatro Regiones','2024-05-04'),
(101,'Ritual del Sol','2025-06-07'),
(102,'Luna Nueva','2020-07-10'),
(103,'Costa Azul','2021-08-13'),
(104,'Camino de Sal','2022-09-16'),
(105,'Ciudad Invisible','2023-10-19'),
(106,'Sonidos del Sur','2024-11-22'),
(107,'Bajo la Lluvia','2025-12-25'),
(108,'Pulso Urbano','2020-01-01'),
(109,'Efecto Mariposa','2021-02-04'),
(110,'Noches Claras','2022-03-07'),
(111,'Ritmos del Valle','2023-04-10'),
(112,'Eterno Movimiento','2024-05-13'),
(113,'Altamar','2025-06-16'),
(114,'Espiral','2020-07-19'),
(115,'Corazon Electrico','2021-08-22'),
(116,'Cosecha de Luna','2022-09-25'),
(117,'Mapa Interior','2023-10-01'),
(118,'Ritual Urbano','2024-11-04'),
(119,'Sierra y Mar','2025-12-07'),
(120,'Volcanes','2020-01-10');
GO

/* 4. Catalogo.Artista - 120 registros */
INSERT INTO Catalogo.Artista (idArtista, nombreArtista, paisOrigenArtista, descripcionArtista, Productora_idProductora) VALUES
(1,'La Doble A','Colombia','Rock alternativo',1),
(2,'Xander Reyes','Mexico','Musica urbana',2),
(3,'Banda Vortex','Estados Unidos','Electronica contemporanea',3),
(4,'DJ Kronos','Argentina','Cantautor latino',4),
(5,'Sofia Lara','Chile','Salsa y tropical',5),
(6,'Los Compadres','Puerto Rico','Indie y folk',6),
(7,'Marco Fiel','Espana','Hip-hop latino',7),
(8,'Valentina Cruz','Reino Unido','Jazz fusion',8),
(9,'Ritmo Libre','Brasil','Musica ecuatoriana',9),
(10,'The Groove Syndicate','Peru','Pop y fusion latina',10),
(11,'Ariel Montoya','Panama','Rock alternativo',11),
(12,'Nadia Storm','Uruguay','Musica urbana',12),
(13,'Trio Andino','Cuba','Electronica contemporanea',13),
(14,'Franco D','Republica Dominicana','Cantautor latino',14),
(15,'Luna Ferreira','Ecuador','Salsa y tropical',15),
(16,'Bad Bunny','Colombia','Indie y folk',16),
(17,'Taylor Swift','Mexico','Hip-hop latino',17),
(18,'J Balvin','Estados Unidos','Jazz fusion',18),
(19,'Rosalia','Argentina','Musica ecuatoriana',19),
(20,'Maluma','Chile','Pop y fusion latina',20),
(21,'Karol G','Puerto Rico','Rock alternativo',21),
(22,'Daddy Yankee','Espana','Musica urbana',22),
(23,'SZA','Reino Unido','Electronica contemporanea',23),
(24,'Mon Laferte','Brasil','Cantautor latino',24),
(25,'Fito Paez','Peru','Salsa y tropical',25),
(26,'Bomba Estereo','Panama','Indie y folk',26),
(27,'Silvana Estrada','Uruguay','Hip-hop latino',27),
(28,'Ivan Ferreiro','Cuba','Jazz fusion',28),
(29,'Caloncho','Republica Dominicana','Musica ecuatoriana',29),
(30,'Blimes Brixton','Ecuador','Pop y fusion latina',30),
(31,'Richard Bona','Colombia','Rock alternativo',31),
(32,'Nicola Cruz','Mexico','Musica urbana',32),
(33,'Aguanta','Estados Unidos','Electronica contemporanea',33),
(34,'Sal y Mileto','Argentina','Cantautor latino',34),
(35,'Mirella Cesa','Chile','Salsa y tropical',35),
(36,'Tercer Mundo','Puerto Rico','Indie y folk',36),
(37,'La Maquina Camaleon','Espana','Hip-hop latino',37),
(38,'Karicia','Reino Unido','Jazz fusion',38),
(39,'Diamante','Brasil','Musica ecuatoriana',39),
(40,'Paulo Londra','Peru','Pop y fusion latina',40),
(41,'Miley Cyrus','Panama','Rock alternativo',41),
(42,'Olivia Rodrigo','Uruguay','Musica urbana',42),
(43,'Bad Gyal','Cuba','Electronica contemporanea',43),
(44,'Anuel AA','Republica Dominicana','Cantautor latino',44),
(45,'Ozuna','Ecuador','Salsa y tropical',45),
(46,'Coldplay','Colombia','Indie y folk',46),
(47,'Daft Punk','Mexico','Hip-hop latino',47),
(48,'Frank Ocean','Estados Unidos','Jazz fusion',48),
(49,'Tyler the Creator','Argentina','Musica ecuatoriana',49),
(50,'Kendrick Lamar','Chile','Pop y fusion latina',50),
(51,'Shakira','Puerto Rico','Rock alternativo',51),
(52,'Juanes','Espana','Musica urbana',52),
(53,'Carlos Vives','Reino Unido','Electronica contemporanea',53),
(54,'Jorge Drexler','Brasil','Cantautor latino',54),
(55,'Natalia Lafourcade','Peru','Salsa y tropical',55),
(56,'Cafe Tacvba','Panama','Indie y folk',56),
(57,'Soda Stereo','Uruguay','Hip-hop latino',57),
(58,'Gustavo Cerati','Cuba','Jazz fusion',58),
(59,'Aterciopelados','Republica Dominicana','Musica ecuatoriana',59),
(60,'Celia Cruz','Ecuador','Pop y fusion latina',60);
GO

INSERT INTO Catalogo.Artista (idArtista, nombreArtista, paisOrigenArtista, descripcionArtista, Productora_idProductora) VALUES
(61,'Willie Colon','Colombia','Rock alternativo',61),
(62,'Mon Rivera','Mexico','Musica urbana',62),
(63,'Ruben Blades','Estados Unidos','Electronica contemporanea',63),
(64,'Hector Lavoe','Argentina','Cantautor latino',64),
(65,'Ismael Rivera','Chile','Salsa y tropical',65),
(66,'Andres Cepeda','Puerto Rico','Indie y folk',66),
(67,'Fonseca','Espana','Hip-hop latino',67),
(68,'Maia','Reino Unido','Jazz fusion',68),
(69,'Evelin Vasquez','Brasil','Musica ecuatoriana',69),
(70,'Dani Levi','Peru','Pop y fusion latina',70),
(71,'Miriam Cruz','Panama','Rock alternativo',71),
(72,'Juan Luis Guerra','Uruguay','Musica urbana',72),
(73,'Romeo Santos','Cuba','Electronica contemporanea',73),
(74,'Prince Royce','Republica Dominicana','Cantautor latino',74),
(75,'Marc Anthony','Ecuador','Salsa y tropical',75),
(76,'Victor Manuelle','Colombia','Indie y folk',76),
(77,'Gilberto Santa Rosa','Mexico','Hip-hop latino',77),
(78,'Cheo Feliciano','Estados Unidos','Jazz fusion',78),
(79,'Ismael Miranda','Argentina','Musica ecuatoriana',79),
(80,'La India','Chile','Pop y fusion latina',80),
(81,'Peso Pluma','Puerto Rico','Rock alternativo',81),
(82,'Xavi','Espana','Musica urbana',82),
(83,'Junior H','Reino Unido','Electronica contemporanea',83),
(84,'Eslabon Armado','Brasil','Cantautor latino',84),
(85,'Ivan Cornejo','Peru','Salsa y tropical',85),
(86,'Yahritza y Su Esencia','Panama','Indie y folk',86),
(87,'Tito Nieves','Uruguay','Hip-hop latino',87),
(88,'Anthony Santos','Cuba','Jazz fusion',88),
(89,'Luis Vargas','Republica Dominicana','Musica ecuatoriana',89),
(90,'Raulin Rodriguez','Ecuador','Pop y fusion latina',90),
(91,'Intocable','Colombia','Rock alternativo',91),
(92,'Los Bukis','Mexico','Musica urbana',92),
(93,'Ana Gabriel','Estados Unidos','Electronica contemporanea',93),
(94,'Juan Gabriel','Argentina','Cantautor latino',94),
(95,'Rocio Durcal','Chile','Salsa y tropical',95),
(96,'Vicente Fernandez','Puerto Rico','Indie y folk',96),
(97,'Jose Alfredo Jimenez','Espana','Hip-hop latino',97),
(98,'Pedro Infante','Reino Unido','Jazz fusion',98),
(99,'Jorge Negrete','Brasil','Musica ecuatoriana',99),
(100,'Javier Solis','Peru','Pop y fusion latina',100),
(101,'Mar Rendon','Panama','Rock alternativo',101),
(102,'Hermanos Nunez','Uruguay','Musica urbana',102),
(103,'La Toquilla','Cuba','Electronica contemporanea',103),
(104,'Tres Dedos','Republica Dominicana','Cantautor latino',104),
(105,'Daniel Paez','Ecuador','Salsa y tropical',105),
(106,'Andre Farra','Colombia','Indie y folk',106),
(107,'Paola Navarrete','Mexico','Hip-hop latino',107),
(108,'Swing Original Monks','Estados Unidos','Jazz fusion',108),
(109,'Guardarraya','Argentina','Musica ecuatoriana',109),
(110,'Can Can','Chile','Pop y fusion latina',110),
(111,'Lolabum','Puerto Rico','Rock alternativo',111),
(112,'Munn','Espana','Musica urbana',112),
(113,'Esto es Eso','Reino Unido','Electronica contemporanea',113),
(114,'Biorn Borg','Brasil','Cantautor latino',114),
(115,'Da Pawn','Peru','Salsa y tropical',115),
(116,'Tripulacion de Osos','Panama','Indie y folk',116),
(117,'La Madre Tirana','Uruguay','Hip-hop latino',117),
(118,'Papaya Dada','Cuba','Jazz fusion',118),
(119,'Rocola Bacalao','Republica Dominicana','Musica ecuatoriana',119),
(120,'Tomback','Ecuador','Pop y fusion latina',120);
GO

/* 5. Catalogo.Cancion - 120 registros */
INSERT INTO Catalogo.Cancion (idCancion, tituloCancion, duracionCancion, idiomaCancion, Genero_idGenero, Album_idAlbum) VALUES
(1,'Cielo Roto',282.50,'Espanol',1,1),
(2,'Midnight Drive',150.40,'Ingles',2,2),
(3,'Calles de Fuego',204.10,'Espanol',3,3),
(4,'Ola Tras Ola',193.00,'Espanol',4,4),
(5,'Dimensiones',303.30,'Espanol',5,5),
(6,'Sombra Real',290.50,'Espanol',6,6),
(7,'Verano Eterno',336.80,'Espanol',7,NULL),
(8,'Frecuencia 808',163.70,'Espanol',8,8),
(9,'Tierra y Mar',235.70,'Espanol',9,9),
(10,'Sin Mapa',151.40,'Espanol',10,10),
(11,'Caos Bonito',192.00,'Espanol',11,11),
(12,'Promesas',253.70,'Espanol',12,12),
(13,'Brisa del Norte',150.70,'Espanol',13,13),
(14,'Neon City Lights',187.80,'Ingles',14,NULL),
(15,'Guitarra y Cafe',284.70,'Espanol',15,15),
(16,'Lluvia Digital',262.20,'Espanol',16,16),
(17,'Tu y Yo Nada Mas',192.40,'Espanol',17,17),
(18,'Ruta Salvaje',271.70,'Espanol',18,18),
(19,'Bailar Contigo',319.00,'Espanol',19,19),
(20,'Universo Interior',146.40,'Espanol',20,20),
(21,'Alma Libre',318.30,'Espanol',21,NULL),
(22,'Noise Factory',295.10,'Ingles',22,22),
(23,'Despertar',218.20,'Espanol',23,23),
(24,'La Raiz del Bien',178.40,'Espanol',24,24),
(25,'Fuego Lento',350.80,'Espanol',25,25),
(26,'Costas Lejanas',217.40,'Espanol',26,26),
(27,'Overdrive',164.90,'Espanol',27,27),
(28,'Entre Sombras',165.80,'Espanol',28,NULL),
(29,'Ultimo Tren',327.20,'Espanol',29,29),
(30,'Ritmo y Color',274.80,'Espanol',30,30),
(31,'Titi Me Pregunto',318.50,'Espanol',31,31),
(32,'Me Porto Bonito',301.90,'Espanol',32,32),
(33,'Anti-Hero',260.30,'Ingles',33,33),
(34,'Lavender Haze',354.20,'Ingles',34,34),
(35,'In Da Getto',226.40,'Espanol',35,NULL),
(36,'Con Altura',263.70,'Espanol',36,36),
(37,'Malamente',323.30,'Espanol',37,37),
(38,'Hawaii',278.00,'Espanol',38,38),
(39,'Felices los 4',330.30,'Espanol',39,39),
(40,'Provenza',269.10,'Espanol',40,40),
(41,'Bichota',296.50,'Espanol',41,41),
(42,'Gasolina',154.90,'Espanol',42,NULL),
(43,'Con Calma',194.00,'Espanol',43,43),
(44,'Kill Bill',207.20,'Ingles',44,44),
(45,'Snooze',162.20,'Ingles',45,45),
(46,'Tu Falta de Querer',195.10,'Espanol',46,46),
(47,'Antes de Ti',166.70,'Espanol',47,47),
(48,'Dale Alegria a Mi Corazon',204.80,'Espanol',48,48),
(49,'Mas y Mas',281.70,'Espanol',49,NULL),
(50,'Quiero Verte Bien',223.40,'Espanol',50,50),
(51,'Nuestro Amor Eterno',224.60,'Espanol',51,51),
(52,'Salar de Atacama',190.00,'Espanol',52,52),
(53,'Cumbia del Olvido',202.40,'Espanol',53,53),
(54,'Duerme',346.40,'Espanol',54,54),
(55,'Tu Eres Mi Sueno',284.30,'Espanol',55,55),
(56,'Flowers',276.00,'Ingles',56,NULL),
(57,'Vampire',181.80,'Ingles',57,57),
(58,'Good 4 U',301.80,'Ingles',58,58),
(59,'Noche de Enero',180.10,'Espanol',59,59),
(60,'Dakiti',226.60,'Espanol',60,60);
GO

INSERT INTO Catalogo.Cancion (idCancion, tituloCancion, duracionCancion, idiomaCancion, Genero_idGenero, Album_idAlbum) VALUES
(61,'Que Pretendes',357.70,'Espanol',61,61),
(62,'The Scientist',282.60,'Ingles',62,62),
(63,'Yellow',264.70,'Ingles',63,NULL),
(64,'Get Lucky',292.20,'Ingles',64,64),
(65,'Instant Crush',326.20,'Ingles',65,65),
(66,'Nights',311.80,'Ingles',66,66),
(67,'The Weekend',194.20,'Ingles',67,67),
(68,'See You Again',151.90,'Ingles',68,68),
(69,'EARFQUAKE',212.80,'Ingles',69,69),
(70,'HUMBLE',202.60,'Ingles',70,NULL),
(71,'DNA',190.40,'Ingles',71,71),
(72,'She Wolf',347.70,'Espanol',72,72),
(73,'Hips Dont Lie',333.40,'Espanol',73,73),
(74,'La Bicicleta',212.70,'Espanol',74,74),
(75,'Es Por Ti',285.90,'Espanol',75,75),
(76,'Quimbara',230.10,'Espanol',76,76),
(77,'Pedro Navaja',341.60,'Espanol',77,NULL),
(78,'La Camisa Negra',243.70,'Espanol',78,78),
(79,'El Mismo Sol',201.90,'Espanol',79,79),
(80,'La Llorona',198.00,'Espanol',80,80),
(81,'Que Bonita es Esta Vida',265.70,'Espanol',81,81),
(82,'Robarte un Beso',201.50,'Espanol',82,82),
(83,'Lluvia',270.70,'Espanol',83,83),
(84,'Propuesta Indecente',338.00,'Espanol',84,NULL),
(85,'Eres Mia',230.90,'Espanol',85,85),
(86,'El Perdedor',192.20,'Espanol',86,86),
(87,'Quizas',359.50,'Espanol',87,87),
(88,'Vivir Mi Vida',254.50,'Espanol',88,88),
(89,'Tu Sangre en Mi Cuerpo',164.50,'Espanol',89,89),
(90,'Bzrp Music Session 53',155.10,'Espanol',90,90),
(91,'Ella Baila Sola',168.60,'Espanol',91,NULL),
(92,'La Diabla',279.90,'Espanol',92,92),
(93,'Amor Tumbado',315.30,'Espanol',93,93),
(94,'De Los Besos Que Te Di',235.80,'Espanol',94,94),
(95,'El Azul',158.70,'Espanol',95,95),
(96,'Quiero Ser tu Novio',227.00,'Espanol',96,96),
(97,'Adio',359.20,'Espanol',97,97),
(98,'El Pasador',258.80,'Espanol',98,NULL),
(99,'Latitud Cero',353.80,'Espanol',99,99),
(100,'Cuatro Regiones',330.10,'Espanol',100,100),
(101,'Carita Linda',147.50,'Espanol',101,101),
(102,'Ay Mi Dios',300.00,'Espanol',102,102),
(103,'Ojos Marrones',291.60,'Espanol',103,103),
(104,'Volverte a Ver',260.40,'Espanol',104,104),
(105,'La Playa',202.40,'Espanol',105,NULL),
(106,'Besos Mojados',282.80,'Espanol',106,106),
(107,'Solo Para Ti',169.00,'Espanol',107,107),
(108,'Corazon Andino',238.50,'Espanol',108,108),
(109,'Noche Sin Final',242.60,'Espanol',109,109),
(110,'Ritual de Luna',350.10,'Espanol',110,110),
(111,'Viento del Sur',333.30,'Espanol',111,111),
(112,'A Mi Manera',201.60,'Espanol',112,NULL),
(113,'Sol de Invierno',252.60,'Espanol',113,113),
(114,'Caminos',183.40,'Espanol',114,114),
(115,'Frente al Mar',341.20,'Espanol',115,115),
(116,'Volcan',332.20,'Espanol',116,116),
(117,'Dejame Entrar',209.20,'Espanol',117,117),
(118,'Azul Profundo',282.40,'Espanol',118,118),
(119,'Fiesta en la Mitad',275.90,'Espanol',119,NULL),
(120,'Ecuador Suena',177.90,'Espanol',120,120);
GO

/* 6. Seguridad.Usuario - 120 registros */
INSERT INTO Seguridad.Usuario (idUsuario, nombreUsuario, apellidoUsuario, segundoNombreUsuario, segundoApellidoUsuario, correoUsuario, fechaRegistroUsuario) VALUES
(1,'Carlos','Mendoza',NULL,NULL,'carlos.mendoza1@hotmail.com','2024-02-03'),
(2,'Maria','Fernandez',NULL,NULL,'maria.fernandez2@outlook.com','2025-03-05'),
(3,'Luis','Paredes','Ricardo',NULL,'luis.paredes3@yahoo.com','2023-04-07'),
(4,'Ana','Gutierrez',NULL,'Ponce','ana.gutierrez4@udla.edu.ec','2024-05-09'),
(5,'Diego','Salazar',NULL,NULL,'diego.salazar5@gmail.com','2025-06-11'),
(6,'Valeria','Ortiz','Diana',NULL,'valeria.ortiz6@hotmail.com','2023-07-13'),
(7,'Sebastian','Castro',NULL,NULL,'sebastian.castro7@outlook.com','2024-08-15'),
(8,'Camila','Suarez',NULL,'Romero','camila.suarez8@yahoo.com','2025-09-17'),
(9,'Andres','Vega','Pablo',NULL,'andres.vega9@udla.edu.ec','2023-10-19'),
(10,'Laura','Reyes',NULL,NULL,'laura.reyes10@gmail.com','2024-11-21'),
(11,'Ricardo','Montoya',NULL,NULL,'ricardo.montoya11@hotmail.com','2025-12-23'),
(12,'Patricia','Espinoza','Stefania','Endara','patricia.espinoza12@outlook.com','2023-01-25'),
(13,'Jorge','Alvarado',NULL,NULL,'jorge.alvarado13@yahoo.com','2024-02-27'),
(14,'Diana','Morales',NULL,NULL,'diana.morales14@udla.edu.ec','2025-03-02'),
(15,'Esteban','Jimenez','Fernando',NULL,'esteban.jimenez15@gmail.com','2023-04-04'),
(16,'Natalia','Ponce',NULL,'Jaramillo','natalia.ponce16@hotmail.com','2024-05-06'),
(17,'Pablo','Crespo',NULL,NULL,'pablo.crespo17@outlook.com','2025-06-08'),
(18,'Gabriela','Davila','Alejandra',NULL,'gabriela.davila18@yahoo.com','2023-07-10'),
(19,'Ivan','Coronado',NULL,NULL,'ivan.coronado19@udla.edu.ec','2024-08-12'),
(20,'Stefania','Romero',NULL,'Hidalgo','stefania.romero20@gmail.com','2025-09-14'),
(21,'Miguel','Andrade','Mateo',NULL,'miguel.andrade21@hotmail.com','2023-10-16'),
(22,'Daniela','Villacres',NULL,NULL,'daniela.villacres22@outlook.com','2024-11-18'),
(23,'Fernando','Zapata',NULL,NULL,'fernando.zapata23@yahoo.com','2025-12-20'),
(24,'Mariana','Endara','Lucia','Pozo','mariana.endara24@udla.edu.ec','2023-01-22'),
(25,'Cristobal','Larrea',NULL,NULL,'cristobal.larrea25@gmail.com','2024-02-24'),
(26,'Alejandra','Proano',NULL,NULL,'alejandra.proano26@hotmail.com','2025-03-26'),
(27,'Nicolas','Cedeno','Renato',NULL,'nicolas.cedeno27@outlook.com','2023-04-01'),
(28,'Pamela','Jaramillo',NULL,'Ulloa','pamela.jaramillo28@yahoo.com','2024-05-03'),
(29,'Mateo','Carrillo',NULL,NULL,'mateo.carrillo29@udla.edu.ec','2025-06-05'),
(30,'Sophia','Burbano','Melissa',NULL,'sophia.burbano30@gmail.com','2023-07-07'),
(31,'Emilio','Vasquez',NULL,NULL,'emilio.vasquez31@hotmail.com','2024-08-09'),
(32,'Lucia','Hidalgo',NULL,'Lema','lucia.hidalgo32@outlook.com','2025-09-11'),
(33,'Joaquin','Chaves','Bryan',NULL,'joaquin.chaves33@yahoo.com','2023-10-13'),
(34,'Isabella','Pacheco',NULL,NULL,'isabella.pacheco34@udla.edu.ec','2024-11-15'),
(35,'Renato','Mino',NULL,NULL,'renato.mino35@gmail.com','2025-12-17'),
(36,'Ximena','Pozo','Priscila','Naranjo','ximena.pozo36@hotmail.com','2023-01-19'),
(37,'Gonzalo','Albuja',NULL,NULL,'gonzalo.albuja37@outlook.com','2024-02-21'),
(38,'Melissa','Granja',NULL,NULL,'melissa.granja38@yahoo.com','2025-03-23'),
(39,'Alexis','Tipan','Mauricio',NULL,'alexis.tipan39@udla.edu.ec','2023-04-25'),
(40,'Carolina','Ulloa',NULL,'Fernandez','carolina.ulloa40@gmail.com','2024-05-27'),
(41,'Bryan','Quinonez',NULL,NULL,'bryan.quinonez41@hotmail.com','2025-06-02'),
(42,'Adriana','Borja','Gabriella',NULL,'adriana.borja42@outlook.com','2023-07-04'),
(43,'Kevin','Pillajo',NULL,NULL,'kevin.pillajo43@yahoo.com','2024-08-06'),
(44,'Priscila','Lema',NULL,'Ortiz','priscila.lema44@udla.edu.ec','2025-09-08'),
(45,'David','Yugcha','Ingrid',NULL,'david.yugcha45@gmail.com','2023-10-10'),
(46,'Valentina','Acurio',NULL,NULL,'valentina.acurio46@hotmail.com','2024-11-12'),
(47,'Mauricio','Zurita',NULL,NULL,'mauricio.zurita47@outlook.com','2025-12-14'),
(48,'Karina','Naranjo','Hernan','Reyes','karina.naranjo48@yahoo.com','2023-01-16'),
(49,'Rodrigo','Benalcazar',NULL,NULL,'rodrigo.benalcazar49@udla.edu.ec','2024-02-18'),
(50,'Gabriella','Moran',NULL,NULL,'gabriella.moran50@gmail.com','2025-03-20'),
(51,'Alonso','Mendoza','Alexander',NULL,'alonso.mendoza51@hotmail.com','2023-04-22'),
(52,'Camilo','Fernandez',NULL,'Morales','camilo.fernandez52@outlook.com','2024-05-24'),
(53,'Ingrid','Paredes',NULL,NULL,'ingrid.paredes53@yahoo.com','2025-06-26'),
(54,'Gustavo','Gutierrez','Maria',NULL,'gustavo.gutierrez54@udla.edu.ec','2023-07-01'),
(55,'Natasha','Salazar',NULL,NULL,'natasha.salazar55@gmail.com','2024-08-03'),
(56,'Hernan','Ortiz',NULL,'Davila','hernan.ortiz56@hotmail.com','2025-09-05'),
(57,'Lorena','Castro','Diego',NULL,'lorena.castro57@outlook.com','2023-10-07'),
(58,'Paulina','Suarez',NULL,NULL,'paulina.suarez58@yahoo.com','2024-11-09'),
(59,'Alexander','Vega',NULL,NULL,'alexander.vega59@udla.edu.ec','2025-12-11'),
(60,'Fernanda','Reyes','Camila','Villacres','fernanda.reyes60@gmail.com','2023-01-13');
GO

INSERT INTO Seguridad.Usuario (idUsuario, nombreUsuario, apellidoUsuario, segundoNombreUsuario, segundoApellidoUsuario, correoUsuario, fechaRegistroUsuario) VALUES
(61,'Carlos','Montoya',NULL,NULL,'carlos.montoya61@hotmail.com','2024-02-15'),
(62,'Maria','Espinoza',NULL,NULL,'maria.espinoza62@outlook.com','2025-03-17'),
(63,'Luis','Alvarado','Ricardo',NULL,'luis.alvarado63@yahoo.com','2023-04-19'),
(64,'Ana','Morales',NULL,'Proano','ana.morales64@udla.edu.ec','2024-05-21'),
(65,'Diego','Jimenez',NULL,NULL,'diego.jimenez65@gmail.com','2025-06-23'),
(66,'Valeria','Ponce','Diana',NULL,'valeria.ponce66@hotmail.com','2023-07-25'),
(67,'Sebastian','Crespo',NULL,NULL,'sebastian.crespo67@outlook.com','2024-08-27'),
(68,'Camila','Davila',NULL,'Burbano','camila.davila68@yahoo.com','2025-09-02'),
(69,'Andres','Coronado','Pablo',NULL,'andres.coronado69@udla.edu.ec','2023-10-04'),
(70,'Laura','Romero',NULL,NULL,'laura.romero70@gmail.com','2024-11-06'),
(71,'Ricardo','Andrade',NULL,NULL,'ricardo.andrade71@hotmail.com','2025-12-08'),
(72,'Patricia','Villacres','Stefania','Pacheco','patricia.villacres72@outlook.com','2023-01-10'),
(73,'Jorge','Zapata',NULL,NULL,'jorge.zapata73@yahoo.com','2024-02-12'),
(74,'Diana','Endara',NULL,NULL,'diana.endara74@udla.edu.ec','2025-03-14'),
(75,'Esteban','Larrea','Fernando',NULL,'esteban.larrea75@gmail.com','2023-04-16'),
(76,'Natalia','Proano',NULL,'Granja','natalia.proano76@hotmail.com','2024-05-18'),
(77,'Pablo','Cedeno',NULL,NULL,'pablo.cedeno77@outlook.com','2025-06-20'),
(78,'Gabriela','Jaramillo','Alejandra',NULL,'gabriela.jaramillo78@yahoo.com','2023-07-22'),
(79,'Ivan','Carrillo',NULL,NULL,'ivan.carrillo79@udla.edu.ec','2024-08-24'),
(80,'Stefania','Burbano',NULL,'Borja','stefania.burbano80@gmail.com','2025-09-26'),
(81,'Miguel','Vasquez','Mateo',NULL,'miguel.vasquez81@hotmail.com','2023-10-01'),
(82,'Daniela','Hidalgo',NULL,NULL,'daniela.hidalgo82@outlook.com','2024-11-03'),
(83,'Fernando','Chaves',NULL,NULL,'fernando.chaves83@yahoo.com','2025-12-05'),
(84,'Mariana','Pacheco','Lucia','Acurio','mariana.pacheco84@udla.edu.ec','2023-01-07'),
(85,'Cristobal','Mino',NULL,NULL,'cristobal.mino85@gmail.com','2024-02-09'),
(86,'Alejandra','Pozo',NULL,NULL,'alejandra.pozo86@hotmail.com','2025-03-11'),
(87,'Nicolas','Albuja','Renato',NULL,'nicolas.albuja87@outlook.com','2023-04-13'),
(88,'Pamela','Granja',NULL,'Moran','pamela.granja88@yahoo.com','2024-05-15'),
(89,'Mateo','Tipan',NULL,NULL,'mateo.tipan89@udla.edu.ec','2025-06-17'),
(90,'Sophia','Ulloa','Melissa',NULL,'sophia.ulloa90@gmail.com','2023-07-19'),
(91,'Emilio','Quinonez',NULL,NULL,'emilio.quinonez91@hotmail.com','2024-08-21'),
(92,'Lucia','Borja',NULL,'Gutierrez','lucia.borja92@outlook.com','2025-09-23'),
(93,'Joaquin','Pillajo','Bryan',NULL,'joaquin.pillajo93@yahoo.com','2023-10-25'),
(94,'Isabella','Lema',NULL,NULL,'isabella.lema94@udla.edu.ec','2024-11-27'),
(95,'Renato','Yugcha',NULL,NULL,'renato.yugcha95@gmail.com','2025-12-02'),
(96,'Ximena','Acurio','Priscila','Suarez','ximena.acurio96@hotmail.com','2023-01-04'),
(97,'Gonzalo','Zurita',NULL,NULL,'gonzalo.zurita97@outlook.com','2024-02-06'),
(98,'Melissa','Naranjo',NULL,NULL,'melissa.naranjo98@yahoo.com','2025-03-08'),
(99,'Alexis','Benalcazar','Mauricio',NULL,'alexis.benalcazar99@udla.edu.ec','2023-04-10'),
(100,'Carolina','Moran',NULL,'Espinoza','carolina.moran100@gmail.com','2024-05-12'),
(101,'Bryan','Mendoza',NULL,NULL,'bryan.mendoza101@hotmail.com','2025-06-14'),
(102,'Adriana','Fernandez','Gabriella',NULL,'adriana.fernandez102@outlook.com','2023-07-16'),
(103,'Kevin','Paredes',NULL,NULL,'kevin.paredes103@yahoo.com','2024-08-18'),
(104,'Priscila','Gutierrez',NULL,'Ponce','priscila.gutierrez104@udla.edu.ec','2025-09-20'),
(105,'David','Salazar','Ingrid',NULL,'david.salazar105@gmail.com','2023-10-22'),
(106,'Valentina','Ortiz',NULL,NULL,'valentina.ortiz106@hotmail.com','2024-11-24'),
(107,'Mauricio','Castro',NULL,NULL,'mauricio.castro107@outlook.com','2025-12-26'),
(108,'Karina','Suarez','Hernan','Romero','karina.suarez108@yahoo.com','2023-01-01'),
(109,'Rodrigo','Vega',NULL,NULL,'rodrigo.vega109@udla.edu.ec','2024-02-03'),
(110,'Gabriella','Reyes',NULL,NULL,'gabriella.reyes110@gmail.com','2025-03-05'),
(111,'Alonso','Montoya','Alexander',NULL,'alonso.montoya111@hotmail.com','2023-04-07'),
(112,'Camilo','Espinoza',NULL,'Endara','camilo.espinoza112@outlook.com','2024-05-09'),
(113,'Ingrid','Alvarado',NULL,NULL,'ingrid.alvarado113@yahoo.com','2025-06-11'),
(114,'Gustavo','Morales','Maria',NULL,'gustavo.morales114@udla.edu.ec','2023-07-13'),
(115,'Natasha','Jimenez',NULL,NULL,'natasha.jimenez115@gmail.com','2024-08-15'),
(116,'Hernan','Ponce',NULL,'Jaramillo','hernan.ponce116@hotmail.com','2025-09-17'),
(117,'Lorena','Crespo','Diego',NULL,'lorena.crespo117@outlook.com','2023-10-19'),
(118,'Paulina','Davila',NULL,NULL,'paulina.davila118@yahoo.com','2024-11-21'),
(119,'Alexander','Coronado',NULL,NULL,'alexander.coronado119@udla.edu.ec','2025-12-23'),
(120,'Fernanda','Romero','Camila','Hidalgo','fernanda.romero120@gmail.com','2023-01-25');
GO

/* 7. Interaccion.ArtistaCancion - 300 registros */
INSERT INTO Interaccion.ArtistaCancion (Artista_idArtista, Cancion_idCancion) VALUES
(1,1),
(1,10),
(1,106),
(2,2),
(2,12),
(3,3),
(3,76),
(3,108),
(4,4),
(5,5),
(5,85),
(5,110),
(5,111),
(6,6),
(7,7),
(7,84),
(7,87),
(7,112),
(8,7),
(8,8),
(8,22),
(8,30),
(8,31),
(9,9),
(9,44),
(9,114),
(9,116),
(10,10),
(10,90),
(11,11),
(11,116),
(12,12),
(13,8),
(13,13),
(13,118),
(14,14),
(15,15),
(15,95),
(15,119),
(15,120),
(16,16),
(17,2),
(17,17),
(17,85),
(18,18),
(19,4),
(19,19),
(20,20),
(20,100),
(21,6),
(21,21),
(22,22),
(22,34),
(22,53),
(23,8),
(23,23),
(24,24),
(25,10),
(25,25),
(25,38),
(25,69),
(25,105),
(26,26),
(26,92),
(27,12),
(27,27),
(28,8),
(28,28),
(28,111),
(28,119),
(29,14),
(29,29),
(30,30),
(30,110),
(31,16),
(31,31),
(32,25),
(32,29),
(32,32),
(32,101),
(32,112),
(33,18),
(33,33),
(34,34),
(35,20),
(35,35),
(35,115),
(36,36),
(36,60),
(36,86),
(37,22),
(37,37),
(37,55),
(38,38),
(39,24),
(39,39),
(40,31),
(40,40),
(40,52),
(40,120);
GO

INSERT INTO Interaccion.ArtistaCancion (Artista_idArtista, Cancion_idCancion) VALUES
(41,26),
(41,41),
(42,42),
(43,10),
(43,28),
(43,43),
(44,44),
(44,103),
(45,5),
(45,30),
(45,45),
(46,46),
(46,55),
(47,32),
(47,47),
(47,113),
(48,48),
(48,57),
(49,1),
(49,34),
(49,49),
(50,10),
(50,34),
(50,50),
(51,36),
(51,51),
(52,52),
(52,94),
(52,116),
(53,25),
(53,38),
(53,53),
(53,60),
(54,54),
(55,15),
(55,24),
(55,40),
(55,55),
(56,56),
(57,42),
(57,57),
(57,104),
(58,16),
(58,18),
(58,58),
(59,44),
(59,59),
(60,20),
(60,60),
(61,46),
(61,61),
(61,71),
(61,104),
(62,62),
(63,3),
(63,20),
(63,28),
(63,48),
(63,62),
(63,63),
(64,64),
(65,25),
(65,50),
(65,65),
(66,31),
(66,66),
(67,52),
(67,67),
(68,68),
(68,112),
(69,54),
(69,69),
(70,8),
(70,17),
(70,30),
(70,70),
(70,97),
(70,100),
(70,108),
(71,13),
(71,30),
(71,56),
(71,71),
(72,72),
(73,58),
(73,73),
(74,61),
(74,74),
(75,35),
(75,60),
(75,75),
(75,95),
(76,29),
(76,76),
(77,42),
(77,62),
(77,77),
(78,55),
(78,78),
(79,64);
GO

INSERT INTO Interaccion.ArtistaCancion (Artista_idArtista, Cancion_idCancion) VALUES
(79,79),
(80,40),
(80,80),
(81,66),
(81,81),
(82,82),
(83,68),
(83,83),
(84,83),
(84,84),
(85,45),
(85,56),
(85,70),
(85,85),
(85,92),
(86,84),
(86,86),
(87,72),
(87,87),
(88,88),
(89,74),
(89,89),
(90,50),
(90,90),
(90,94),
(91,76),
(91,81),
(91,91),
(92,92),
(93,78),
(93,93),
(93,120),
(94,63),
(94,89),
(94,94),
(95,55),
(95,80),
(95,95),
(96,41),
(96,96),
(97,82),
(97,97),
(98,21),
(98,69),
(98,98),
(99,17),
(99,84),
(99,99),
(100,60),
(100,100),
(101,59),
(101,72),
(101,86),
(101,101),
(102,102),
(103,88),
(103,103),
(104,104),
(105,9),
(105,65),
(105,90),
(105,105),
(106,106),
(107,92),
(107,104),
(107,107),
(108,108),
(109,31),
(109,94),
(109,109),
(110,70),
(110,110),
(111,14),
(111,94),
(111,96),
(111,110),
(111,111),
(112,112),
(113,73),
(113,74),
(113,98),
(113,113),
(114,114),
(115,75),
(115,100),
(115,115),
(116,67),
(116,116),
(117,102),
(117,117),
(118,1),
(118,118),
(119,10),
(119,68),
(119,97),
(119,101),
(119,104),
(119,119),
(120,80),
(120,120);
GO

/* 8. Finanzas.Suscripcion - 120 registros */
INSERT INTO Finanzas.Suscripcion (idSuscripcion, tipoPlanSuscripcion, fechaInicioSuscripcion, fechaFinSuscripcion, estadoSuscripcion, Usuario_idUsuario) VALUES
(1,'Premium','2024-02-04','2025-02-04','Activa',1),
(2,'Premium','2024-03-07','2025-03-07','Activa',2),
(3,'Gratis','2024-04-10',NULL,'Activa',3),
(4,'Premium','2024-05-13','2025-05-13','Activa',4),
(5,'Premium','2024-06-16','2025-06-16','Activa',5),
(6,'Gratis','2024-07-19',NULL,'Activa',6),
(7,'Premium','2024-08-22','2025-08-22','Activa',7),
(8,'Premium','2024-09-25','2025-09-25','Activa',8),
(9,'Gratis','2024-10-01',NULL,'Activa',9),
(10,'Premium','2024-11-04','2025-11-04','Activa',10),
(11,'Premium','2024-12-07','2025-12-07','Activa',11),
(12,'Gratis','2024-01-10',NULL,'Activa',12),
(13,'Premium','2024-02-13','2025-02-13','Activa',13),
(14,'Premium','2024-03-16','2025-03-16','Activa',14),
(15,'Gratis','2024-04-19',NULL,'Activa',15),
(16,'Premium','2024-05-22','2025-05-22','Activa',16),
(17,'Premium','2024-06-25','2025-06-25','Activa',17),
(18,'Gratis','2024-07-01',NULL,'Activa',18),
(19,'Premium','2024-08-04','2025-08-04','Activa',19),
(20,'Premium','2024-09-07','2025-09-07','Vencida',20),
(21,'Gratis','2024-10-10',NULL,'Activa',21),
(22,'Premium','2024-11-13','2025-11-13','Activa',22),
(23,'Premium','2024-12-16','2025-12-16','Activa',23),
(24,'Gratis','2024-01-19',NULL,'Activa',24),
(25,'Premium','2024-02-22','2025-02-22','Cancelada',25),
(26,'Premium','2024-03-25','2025-03-25','Activa',26),
(27,'Gratis','2024-04-01',NULL,'Activa',27),
(28,'Premium','2024-05-04','2025-05-04','Activa',28),
(29,'Premium','2024-06-07','2025-06-07','Activa',29),
(30,'Gratis','2024-07-10',NULL,'Activa',30),
(31,'Premium','2024-08-13','2025-08-13','Activa',31),
(32,'Premium','2024-09-16','2025-09-16','Activa',32),
(33,'Gratis','2024-10-19',NULL,'Activa',33),
(34,'Premium','2024-11-22','2025-11-22','Activa',34),
(35,'Premium','2024-12-25','2025-12-25','Activa',35),
(36,'Gratis','2024-01-01',NULL,'Activa',36),
(37,'Premium','2024-02-04','2025-02-04','Activa',37),
(38,'Premium','2024-03-07','2025-03-07','Activa',38),
(39,'Gratis','2024-04-10',NULL,'Activa',39),
(40,'Premium','2024-05-13','2025-05-13','Vencida',40),
(41,'Premium','2024-06-16','2025-06-16','Activa',41),
(42,'Gratis','2024-07-19',NULL,'Activa',42),
(43,'Premium','2024-08-22','2025-08-22','Activa',43),
(44,'Premium','2024-09-25','2025-09-25','Activa',44),
(45,'Gratis','2024-10-01',NULL,'Activa',45),
(46,'Premium','2024-11-04','2025-11-04','Activa',46),
(47,'Premium','2024-12-07','2025-12-07','Activa',47),
(48,'Gratis','2024-01-10',NULL,'Activa',48),
(49,'Premium','2024-02-13','2025-02-13','Activa',49),
(50,'Premium','2024-03-16','2025-03-16','Cancelada',50),
(51,'Gratis','2024-04-19',NULL,'Activa',51),
(52,'Premium','2024-05-22','2025-05-22','Activa',52),
(53,'Premium','2024-06-25','2025-06-25','Activa',53),
(54,'Gratis','2024-07-01',NULL,'Activa',54),
(55,'Premium','2024-08-04','2025-08-04','Activa',55),
(56,'Premium','2024-09-07','2025-09-07','Activa',56),
(57,'Gratis','2024-10-10',NULL,'Activa',57),
(58,'Premium','2024-11-13','2025-11-13','Activa',58),
(59,'Premium','2024-12-16','2025-12-16','Activa',59),
(60,'Gratis','2024-01-19',NULL,'Activa',60);
GO

INSERT INTO Finanzas.Suscripcion (idSuscripcion, tipoPlanSuscripcion, fechaInicioSuscripcion, fechaFinSuscripcion, estadoSuscripcion, Usuario_idUsuario) VALUES
(61,'Premium','2024-02-22','2025-02-22','Activa',61),
(62,'Premium','2024-03-25','2025-03-25','Activa',62),
(63,'Gratis','2024-04-01',NULL,'Activa',63),
(64,'Premium','2024-05-04','2025-05-04','Activa',64),
(65,'Premium','2024-06-07','2025-06-07','Activa',65),
(66,'Gratis','2024-07-10',NULL,'Activa',66),
(67,'Premium','2024-08-13','2025-08-13','Activa',67),
(68,'Premium','2024-09-16','2025-09-16','Activa',68),
(69,'Gratis','2024-10-19',NULL,'Activa',69),
(70,'Premium','2024-11-22','2025-11-22','Activa',70),
(71,'Premium','2024-12-25','2025-12-25','Activa',71),
(72,'Gratis','2024-01-01',NULL,'Activa',72),
(73,'Premium','2024-02-04','2025-02-04','Activa',73),
(74,'Premium','2024-03-07','2025-03-07','Activa',74),
(75,'Gratis','2024-04-10',NULL,'Activa',75),
(76,'Premium','2024-05-13','2025-05-13','Activa',76),
(77,'Premium','2024-06-16','2025-06-16','Activa',77),
(78,'Gratis','2024-07-19',NULL,'Activa',78),
(79,'Premium','2024-08-22','2025-08-22','Activa',79),
(80,'Premium','2024-09-25','2025-09-25','Vencida',80),
(81,'Gratis','2024-10-01',NULL,'Activa',81),
(82,'Premium','2024-11-04','2025-11-04','Activa',82),
(83,'Premium','2024-12-07','2025-12-07','Activa',83),
(84,'Gratis','2024-01-10',NULL,'Activa',84),
(85,'Premium','2024-02-13','2025-02-13','Activa',85),
(86,'Premium','2024-03-16','2025-03-16','Activa',86),
(87,'Gratis','2024-04-19',NULL,'Activa',87),
(88,'Premium','2024-05-22','2025-05-22','Activa',88),
(89,'Premium','2024-06-25','2025-06-25','Activa',89),
(90,'Gratis','2024-07-01',NULL,'Activa',90),
(91,'Premium','2024-08-04','2025-08-04','Activa',91),
(92,'Premium','2024-09-07','2025-09-07','Activa',92),
(93,'Gratis','2024-10-10',NULL,'Activa',93),
(94,'Premium','2024-11-13','2025-11-13','Activa',94),
(95,'Premium','2024-12-16','2025-12-16','Activa',95),
(96,'Gratis','2024-01-19',NULL,'Activa',96),
(97,'Premium','2024-02-22','2025-02-22','Activa',97),
(98,'Premium','2024-03-25','2025-03-25','Activa',98),
(99,'Gratis','2024-04-01',NULL,'Activa',99),
(100,'Premium','2024-05-04','2025-05-04','Vencida',100),
(101,'Premium','2024-06-07','2025-06-07','Activa',101),
(102,'Gratis','2024-07-10',NULL,'Activa',102),
(103,'Premium','2024-08-13','2025-08-13','Activa',103),
(104,'Premium','2024-09-16','2025-09-16','Activa',104),
(105,'Gratis','2024-10-19',NULL,'Activa',105),
(106,'Premium','2024-11-22','2025-11-22','Activa',106),
(107,'Premium','2024-12-25','2025-12-25','Activa',107),
(108,'Gratis','2024-01-01',NULL,'Activa',108),
(109,'Premium','2024-02-04','2025-02-04','Activa',109),
(110,'Premium','2024-03-07','2025-03-07','Activa',110),
(111,'Gratis','2024-04-10',NULL,'Activa',111),
(112,'Premium','2024-05-13','2025-05-13','Activa',112),
(113,'Premium','2024-06-16','2025-06-16','Activa',113),
(114,'Gratis','2024-07-19',NULL,'Activa',114),
(115,'Premium','2024-08-22','2025-08-22','Activa',115),
(116,'Premium','2024-09-25','2025-09-25','Activa',116),
(117,'Gratis','2024-10-01',NULL,'Activa',117),
(118,'Premium','2024-11-04','2025-11-04','Activa',118),
(119,'Premium','2024-12-07','2025-12-07','Activa',119),
(120,'Gratis','2024-01-10',NULL,'Activa',120);
GO

/* 9. Finanzas.Pago - 180 registros */
INSERT INTO Finanzas.Pago (idPago, fechaPago, montoPago, Suscripcion_idSuscripcion) VALUES
(1,'2024-01-06',14.99,1),
(2,'2024-02-11',12.99,2),
(3,'2024-03-16',14.99,4),
(4,'2024-04-21',14.99,5),
(5,'2024-05-01',7.99,7),
(6,'2024-06-06',5.99,8),
(7,'2024-07-11',14.99,10),
(8,'2024-08-16',5.99,11),
(9,'2024-09-21',7.99,13),
(10,'2024-10-01',5.99,14),
(11,'2024-11-06',14.99,16),
(12,'2024-12-11',5.99,17),
(13,'2024-01-16',7.99,19),
(14,'2024-02-21',12.99,20),
(15,'2024-03-01',5.99,22),
(16,'2024-04-06',14.99,23),
(17,'2024-05-11',7.99,25),
(18,'2024-06-16',14.99,26),
(19,'2024-07-21',14.99,28),
(20,'2024-08-01',5.99,29),
(21,'2024-09-06',14.99,31),
(22,'2024-10-11',5.99,32),
(23,'2024-11-16',12.99,34),
(24,'2024-12-21',14.99,35),
(25,'2024-01-01',14.99,37),
(26,'2024-02-06',14.99,38),
(27,'2024-03-11',9.99,40),
(28,'2024-04-16',9.99,41),
(29,'2024-05-21',7.99,43),
(30,'2024-06-01',9.99,44),
(31,'2024-07-06',7.99,46),
(32,'2024-08-11',9.99,47),
(33,'2024-09-16',12.99,49),
(34,'2024-10-21',7.99,50),
(35,'2024-11-01',9.99,52),
(36,'2024-12-06',12.99,53),
(37,'2024-01-11',9.99,55),
(38,'2024-02-16',5.99,56),
(39,'2024-03-21',5.99,58),
(40,'2024-04-01',12.99,59),
(41,'2024-05-06',14.99,61),
(42,'2024-06-11',14.99,62),
(43,'2024-07-16',5.99,64),
(44,'2024-08-21',5.99,65),
(45,'2024-09-01',14.99,67),
(46,'2024-10-06',7.99,68),
(47,'2024-11-11',14.99,70),
(48,'2024-12-16',9.99,71),
(49,'2024-01-21',7.99,73),
(50,'2024-02-01',9.99,74),
(51,'2024-03-06',5.99,76),
(52,'2024-04-11',7.99,77),
(53,'2024-05-16',9.99,79),
(54,'2024-06-21',9.99,80),
(55,'2024-07-01',7.99,82),
(56,'2024-08-06',12.99,83),
(57,'2024-09-11',14.99,85),
(58,'2024-10-16',9.99,86),
(59,'2024-11-21',14.99,88),
(60,'2024-12-01',14.99,89),
(61,'2024-01-06',5.99,91),
(62,'2024-02-11',14.99,92),
(63,'2024-03-16',9.99,94),
(64,'2024-04-21',5.99,95),
(65,'2024-05-01',7.99,97),
(66,'2024-06-06',9.99,98),
(67,'2024-07-11',5.99,100),
(68,'2024-08-16',5.99,101),
(69,'2024-09-21',14.99,103),
(70,'2024-10-01',7.99,104),
(71,'2024-11-06',9.99,106),
(72,'2024-12-11',9.99,107),
(73,'2024-01-16',14.99,109),
(74,'2024-02-21',7.99,110),
(75,'2024-03-01',9.99,112),
(76,'2024-04-06',7.99,113),
(77,'2024-05-11',9.99,115),
(78,'2024-06-16',14.99,116),
(79,'2024-07-21',12.99,118),
(80,'2024-08-01',9.99,119),
(81,'2024-09-06',5.99,1),
(82,'2024-10-11',5.99,2),
(83,'2024-11-16',12.99,4),
(84,'2024-12-21',9.99,5),
(85,'2024-01-01',5.99,7),
(86,'2024-02-06',5.99,8),
(87,'2024-03-11',9.99,10),
(88,'2024-04-16',7.99,11),
(89,'2024-05-21',9.99,13),
(90,'2024-06-01',7.99,14);
GO

INSERT INTO Finanzas.Pago (idPago, fechaPago, montoPago, Suscripcion_idSuscripcion) VALUES
(91,'2024-07-06',12.99,16),
(92,'2024-08-11',14.99,17),
(93,'2024-09-16',12.99,19),
(94,'2024-10-21',14.99,20),
(95,'2024-11-01',5.99,22),
(96,'2024-12-06',5.99,23),
(97,'2024-01-11',5.99,25),
(98,'2024-02-16',7.99,26),
(99,'2024-03-21',14.99,28),
(100,'2025-04-01',5.99,29),
(101,'2025-05-06',9.99,31),
(102,'2025-06-11',14.99,32),
(103,'2025-07-16',14.99,34),
(104,'2025-08-21',7.99,35),
(105,'2025-09-01',12.99,37),
(106,'2025-10-06',7.99,38),
(107,'2025-11-11',5.99,40),
(108,'2025-12-16',9.99,41),
(109,'2025-01-21',9.99,43),
(110,'2025-02-01',5.99,44),
(111,'2025-03-06',9.99,46),
(112,'2025-04-11',7.99,47),
(113,'2025-05-16',7.99,49),
(114,'2025-06-21',5.99,50),
(115,'2025-07-01',9.99,52),
(116,'2025-08-06',14.99,53),
(117,'2025-09-11',12.99,55),
(118,'2025-10-16',14.99,56),
(119,'2025-11-21',7.99,58),
(120,'2025-12-01',7.99,59),
(121,'2025-01-06',7.99,61),
(122,'2025-02-11',7.99,62),
(123,'2025-03-16',12.99,64),
(124,'2025-04-21',5.99,65),
(125,'2025-05-01',7.99,67),
(126,'2025-06-06',9.99,68),
(127,'2025-07-11',12.99,70),
(128,'2025-08-16',7.99,71),
(129,'2025-09-21',9.99,73),
(130,'2025-10-01',7.99,74),
(131,'2025-11-06',5.99,76),
(132,'2025-12-11',12.99,77),
(133,'2025-01-16',5.99,79),
(134,'2025-02-21',12.99,80),
(135,'2025-03-01',7.99,82),
(136,'2025-04-06',7.99,83),
(137,'2025-05-11',12.99,85),
(138,'2025-06-16',9.99,86),
(139,'2025-07-21',9.99,88),
(140,'2025-08-01',7.99,89),
(141,'2025-09-06',7.99,91),
(142,'2025-10-11',5.99,92),
(143,'2025-11-16',7.99,94),
(144,'2025-12-21',12.99,95),
(145,'2025-01-01',9.99,97),
(146,'2025-02-06',9.99,98),
(147,'2025-03-11',5.99,100),
(148,'2025-04-16',9.99,101),
(149,'2025-05-21',9.99,103),
(150,'2025-06-01',14.99,104),
(151,'2025-07-06',12.99,106),
(152,'2025-08-11',14.99,107),
(153,'2025-09-16',9.99,109),
(154,'2025-10-21',5.99,110),
(155,'2025-11-01',5.99,112),
(156,'2025-12-06',9.99,113),
(157,'2025-01-11',7.99,115),
(158,'2025-02-16',14.99,116),
(159,'2025-03-21',9.99,118),
(160,'2025-04-01',5.99,119),
(161,'2025-05-06',5.99,1),
(162,'2025-06-11',14.99,2),
(163,'2025-07-16',12.99,4),
(164,'2025-08-21',9.99,5),
(165,'2025-09-01',9.99,7),
(166,'2025-10-06',12.99,8),
(167,'2025-11-11',14.99,10),
(168,'2025-12-16',14.99,11),
(169,'2025-01-21',5.99,13),
(170,'2025-02-01',12.99,14),
(171,'2025-03-06',14.99,16),
(172,'2025-04-11',7.99,17),
(173,'2025-05-16',9.99,19),
(174,'2025-06-21',5.99,20),
(175,'2025-07-01',12.99,22),
(176,'2025-08-06',5.99,23),
(177,'2025-09-11',14.99,25),
(178,'2025-10-16',14.99,26),
(179,'2025-11-21',7.99,28),
(180,'2025-12-01',9.99,29);
GO

/* 10. Interaccion.Reproduccion - 1000 registros */
INSERT INTO Interaccion.Reproduccion (idReproduccion, fechaReproduccion, duracionReproduccion, Usuario_idUsuario, Cancion_idCancion) VALUES
(1,'2024-01-08',159.90,8,12),
(2,'2024-02-15',210.90,15,23),
(3,'2024-03-22',336.00,22,34),
(4,'2024-04-02',122.50,29,45),
(5,'2024-05-09',215.60,36,56),
(6,'2024-06-16',83.70,43,67),
(7,'2024-07-23',227.90,50,78),
(8,'2024-08-03',111.80,57,89),
(9,'2024-09-10',258.60,64,100),
(10,'2024-10-17',187.30,71,111),
(11,'2024-11-24',120.80,78,2),
(12,'2024-12-04',107.10,85,13),
(13,'2024-01-11',84.70,92,24),
(14,'2024-02-18',177.10,99,35),
(15,'2024-03-25',116.40,106,46),
(16,'2024-04-05',152.00,113,57),
(17,'2024-05-12',70.30,120,68),
(18,'2024-06-19',145.40,7,79),
(19,'2024-07-26',95.20,14,90),
(20,'2024-08-06',131.60,21,101),
(21,'2024-09-13',110.40,28,112),
(22,'2024-10-20',99.30,35,3),
(23,'2024-11-27',161.60,42,14),
(24,'2024-12-07',261.10,49,25),
(25,'2024-01-14',147.50,56,36),
(26,'2024-02-21',106.20,63,47),
(27,'2024-03-01',238.20,70,58),
(28,'2024-04-08',145.20,77,69),
(29,'2024-05-15',171.50,84,80),
(30,'2024-06-22',164.20,91,91),
(31,'2024-07-02',248.50,98,102),
(32,'2024-08-09',196.60,105,113),
(33,'2024-09-16',103.20,112,4),
(34,'2024-10-23',222.50,119,15),
(35,'2024-11-03',163.60,6,26),
(36,'2024-12-10',132.80,13,37),
(37,'2024-01-17',198.40,20,48),
(38,'2024-02-24',90.50,27,59),
(39,'2024-03-04',111.80,34,70),
(40,'2024-04-11',232.30,41,81),
(41,'2024-05-18',124.80,48,92),
(42,'2024-06-25',110.80,55,103),
(43,'2024-07-05',181.50,62,114),
(44,'2024-08-12',226.70,69,5),
(45,'2024-09-19',222.70,76,16),
(46,'2024-10-26',106.50,83,27),
(47,'2024-11-06',257.40,90,38),
(48,'2024-12-13',204.00,97,49),
(49,'2024-01-20',185.10,104,60),
(50,'2024-02-27',114.20,111,71),
(51,'2024-03-07',122.90,118,82),
(52,'2024-04-14',140.60,5,93),
(53,'2024-05-21',207.50,12,104),
(54,'2024-06-01',317.40,19,115),
(55,'2024-07-08',264.10,26,6),
(56,'2024-08-15',178.10,33,17),
(57,'2024-09-22',141.90,40,28),
(58,'2024-10-02',162.60,47,39),
(59,'2024-11-09',195.00,54,50),
(60,'2024-12-16',287.00,61,61),
(61,'2024-01-23',226.70,68,72),
(62,'2024-02-03',192.80,75,83),
(63,'2024-03-10',223.20,82,94),
(64,'2024-04-17',86.80,89,105),
(65,'2024-05-24',145.10,96,116),
(66,'2024-06-04',219.60,103,7),
(67,'2024-07-11',188.90,110,18),
(68,'2024-08-18',233.40,117,29),
(69,'2024-09-25',149.70,4,40),
(70,'2024-10-05',188.90,11,51),
(71,'2024-11-12',180.20,18,62),
(72,'2024-12-19',293.30,25,73),
(73,'2024-01-26',314.30,32,84),
(74,'2024-02-06',99.60,39,95),
(75,'2024-03-13',265.70,46,106),
(76,'2024-04-20',133.90,53,117),
(77,'2024-05-27',74.20,60,8),
(78,'2024-06-07',290.30,67,19),
(79,'2024-07-14',176.60,74,30),
(80,'2024-08-21',248.70,81,41),
(81,'2024-09-01',170.20,88,52),
(82,'2024-10-08',140.40,95,63),
(83,'2024-11-15',182.00,102,74),
(84,'2024-12-22',153.50,109,85),
(85,'2024-01-02',114.80,116,96),
(86,'2024-02-09',107.50,3,107),
(87,'2024-03-16',229.80,10,118),
(88,'2024-04-23',118.40,17,9),
(89,'2024-05-03',83.20,24,20),
(90,'2024-06-10',296.40,31,31),
(91,'2024-07-17',62.30,38,42),
(92,'2024-08-24',90.70,45,53),
(93,'2024-09-04',175.00,52,64),
(94,'2024-10-11',128.50,59,75),
(95,'2024-11-18',94.00,66,86),
(96,'2024-12-25',222.60,73,97),
(97,'2024-01-05',134.80,80,108),
(98,'2024-02-12',180.10,87,119),
(99,'2024-03-19',59.10,94,10),
(100,'2024-04-26',283.70,101,21);
GO

INSERT INTO Interaccion.Reproduccion (idReproduccion, fechaReproduccion, duracionReproduccion, Usuario_idUsuario, Cancion_idCancion) VALUES
(101,'2024-05-06',182.10,108,32),
(102,'2024-06-13',165.00,115,43),
(103,'2024-07-20',334.30,2,54),
(104,'2024-08-27',118.30,9,65),
(105,'2024-09-07',212.30,16,76),
(106,'2024-10-14',260.30,23,87),
(107,'2024-11-21',170.80,30,98),
(108,'2024-12-01',233.60,37,109),
(109,'2024-01-08',96.80,44,120),
(110,'2024-02-15',115.90,51,11),
(111,'2024-03-22',274.30,58,22),
(112,'2024-04-02',232.50,65,33),
(113,'2024-05-09',145.00,72,44),
(114,'2024-06-16',235.30,79,55),
(115,'2024-07-23',271.20,86,66),
(116,'2024-08-03',318.90,93,77),
(117,'2024-09-10',169.80,100,88),
(118,'2024-10-17',186.60,107,99),
(119,'2024-11-24',233.10,114,110),
(120,'2024-12-04',170.30,1,1),
(121,'2024-01-11',199.10,8,12),
(122,'2024-02-18',189.60,15,23),
(123,'2024-03-25',290.70,22,34),
(124,'2024-04-05',145.40,29,45),
(125,'2024-05-12',261.60,36,56),
(126,'2024-06-19',191.80,43,67),
(127,'2024-07-26',169.90,50,78),
(128,'2024-08-06',154.50,57,89),
(129,'2024-09-13',242.50,64,100),
(130,'2024-10-20',260.30,71,111),
(131,'2024-11-27',60.80,78,2),
(132,'2024-12-07',94.70,85,13),
(133,'2024-01-14',163.00,92,24),
(134,'2024-02-21',106.00,99,35),
(135,'2024-03-01',101.30,106,46),
(136,'2024-04-08',102.30,113,57),
(137,'2024-05-15',98.10,120,68),
(138,'2024-06-22',115.00,7,79),
(139,'2024-07-02',143.00,14,90),
(140,'2024-08-09',78.30,21,101),
(141,'2024-09-16',195.20,28,112),
(142,'2024-10-23',127.40,35,3),
(143,'2024-11-03',167.60,42,14),
(144,'2024-12-10',230.00,49,25),
(145,'2024-01-17',220.70,56,36),
(146,'2024-02-24',64.00,63,47),
(147,'2024-03-04',292.40,70,58),
(148,'2024-04-11',105.50,77,69),
(149,'2024-05-18',78.10,84,80),
(150,'2024-06-25',163.90,91,91),
(151,'2024-07-05',112.90,98,102),
(152,'2024-08-12',93.50,105,113),
(153,'2024-09-19',98.60,112,4),
(154,'2024-10-26',254.90,119,15),
(155,'2024-11-06',163.90,6,26),
(156,'2024-12-13',163.30,13,37),
(157,'2024-01-20',134.70,20,48),
(158,'2024-02-27',76.40,27,59),
(159,'2024-03-07',195.70,34,70),
(160,'2024-04-14',173.30,41,81),
(161,'2024-05-21',144.60,48,92),
(162,'2024-06-01',172.00,55,103),
(163,'2024-07-08',136.40,62,114),
(164,'2024-08-15',296.20,69,5),
(165,'2024-09-22',214.20,76,16),
(166,'2024-10-02',141.10,83,27),
(167,'2024-11-09',126.90,90,38),
(168,'2024-12-16',155.50,97,49),
(169,'2024-01-23',164.50,104,60),
(170,'2024-02-03',181.60,111,71),
(171,'2024-03-10',145.90,118,82),
(172,'2024-04-17',296.50,5,93),
(173,'2024-05-24',154.70,12,104),
(174,'2024-06-04',328.20,19,115),
(175,'2024-07-11',139.10,26,6),
(176,'2024-08-18',141.40,33,17),
(177,'2024-09-25',147.50,40,28),
(178,'2024-10-05',167.70,47,39),
(179,'2024-11-12',179.40,54,50),
(180,'2024-12-19',195.30,61,61),
(181,'2024-01-26',276.30,68,72),
(182,'2024-02-06',236.50,75,83),
(183,'2024-03-13',204.60,82,94),
(184,'2024-04-20',145.30,89,105),
(185,'2024-05-27',125.10,96,116),
(186,'2024-06-07',234.50,103,7),
(187,'2024-07-14',211.90,110,18),
(188,'2024-08-21',129.20,117,29),
(189,'2024-09-01',207.50,4,40),
(190,'2024-10-08',80.50,11,51),
(191,'2024-11-15',176.10,18,62),
(192,'2024-12-22',222.90,25,73),
(193,'2024-01-02',213.50,32,84),
(194,'2024-02-09',92.90,39,95),
(195,'2024-03-16',262.90,46,106),
(196,'2024-04-23',135.70,53,117),
(197,'2024-05-03',73.60,60,8),
(198,'2024-06-10',148.20,67,19),
(199,'2024-07-17',189.40,74,30),
(200,'2024-08-24',229.10,81,41);
GO

INSERT INTO Interaccion.Reproduccion (idReproduccion, fechaReproduccion, duracionReproduccion, Usuario_idUsuario, Cancion_idCancion) VALUES
(201,'2024-09-04',142.60,88,52),
(202,'2024-10-11',250.90,95,63),
(203,'2024-11-18',181.50,102,74),
(204,'2024-12-25',150.60,109,85),
(205,'2024-01-05',201.30,116,96),
(206,'2024-02-12',124.20,3,107),
(207,'2024-03-19',158.00,10,118),
(208,'2024-04-26',120.10,17,9),
(209,'2024-05-06',140.20,24,20),
(210,'2024-06-13',169.20,31,31),
(211,'2024-07-20',99.60,38,42),
(212,'2024-08-27',169.60,45,53),
(213,'2024-09-07',210.50,52,64),
(214,'2024-10-14',224.20,59,75),
(215,'2024-11-21',109.30,66,86),
(216,'2024-12-01',241.10,73,97),
(217,'2024-01-08',133.90,80,108),
(218,'2024-02-15',184.00,87,119),
(219,'2024-03-22',87.90,94,10),
(220,'2024-04-02',164.90,101,21),
(221,'2024-05-09',160.50,108,32),
(222,'2024-06-16',143.10,115,43),
(223,'2024-07-23',319.40,2,54),
(224,'2024-08-03',232.00,9,65),
(225,'2024-09-10',157.80,16,76),
(226,'2024-10-17',170.50,23,87),
(227,'2024-11-24',131.20,30,98),
(228,'2024-12-04',149.00,37,109),
(229,'2024-01-11',126.50,44,120),
(230,'2024-02-18',97.20,51,11),
(231,'2024-03-25',194.60,58,22),
(232,'2024-04-05',211.50,65,33),
(233,'2024-05-12',132.90,72,44),
(234,'2024-06-19',102.70,79,55),
(235,'2024-07-26',168.80,86,66),
(236,'2024-08-06',209.40,93,77),
(237,'2024-09-13',129.30,100,88),
(238,'2024-10-20',276.50,107,99),
(239,'2024-11-27',206.50,114,110),
(240,'2024-12-07',200.50,1,1),
(241,'2024-01-14',145.50,8,12),
(242,'2024-02-21',217.70,15,23),
(243,'2024-03-01',250.70,22,34),
(244,'2024-04-08',93.90,29,45),
(245,'2024-05-15',178.00,36,56),
(246,'2024-06-22',106.70,43,67),
(247,'2024-07-02',121.80,50,78),
(248,'2024-08-09',134.70,57,89),
(249,'2024-09-16',183.20,64,100),
(250,'2024-10-23',277.60,71,111),
(251,'2024-11-03',145.60,78,2),
(252,'2024-12-10',120.30,85,13),
(253,'2024-01-17',84.70,92,24),
(254,'2024-02-24',187.90,99,35),
(255,'2024-03-04',103.30,106,46),
(256,'2024-04-11',133.30,113,57),
(257,'2024-05-18',128.20,120,68),
(258,'2024-06-25',149.00,7,79),
(259,'2024-07-05',153.10,14,90),
(260,'2024-08-12',131.50,21,101),
(261,'2024-09-19',109.40,28,112),
(262,'2024-10-26',119.30,35,3),
(263,'2024-11-06',102.60,42,14),
(264,'2024-12-13',284.20,49,25),
(265,'2024-01-20',114.00,56,36),
(266,'2024-02-27',63.30,63,47),
(267,'2024-03-07',116.30,70,58),
(268,'2024-04-14',114.90,77,69),
(269,'2024-05-21',190.80,84,80),
(270,'2024-06-01',128.90,91,91),
(271,'2024-07-08',251.80,98,102),
(272,'2024-08-15',105.30,105,113),
(273,'2024-09-22',69.10,112,4),
(274,'2024-10-02',152.30,119,15),
(275,'2024-11-09',143.70,6,26),
(276,'2024-12-16',184.80,13,37),
(277,'2024-01-23',200.20,20,48),
(278,'2024-02-03',92.60,27,59),
(279,'2024-03-10',184.40,34,70),
(280,'2024-04-17',112.70,41,81),
(281,'2024-05-24',109.90,48,92),
(282,'2024-06-04',195.30,55,103),
(283,'2024-07-11',133.00,62,114),
(284,'2024-08-18',241.50,69,5),
(285,'2024-09-25',117.60,76,16),
(286,'2024-10-05',144.70,83,27),
(287,'2024-11-12',268.80,90,38),
(288,'2024-12-19',114.20,97,49),
(289,'2024-01-26',115.90,104,60),
(290,'2024-02-06',135.70,111,71),
(291,'2024-03-13',125.00,118,82),
(292,'2024-04-20',232.50,5,93),
(293,'2024-05-27',195.80,12,104),
(294,'2024-06-07',291.50,19,115),
(295,'2024-07-14',173.50,26,6),
(296,'2024-08-21',181.00,33,17),
(297,'2024-09-01',90.10,40,28),
(298,'2024-10-08',242.00,47,39),
(299,'2024-11-15',140.50,54,50),
(300,'2024-12-22',257.40,61,61);
GO

INSERT INTO Interaccion.Reproduccion (idReproduccion, fechaReproduccion, duracionReproduccion, Usuario_idUsuario, Cancion_idCancion) VALUES
(301,'2024-01-02',135.30,68,72),
(302,'2024-02-09',263.70,75,83),
(303,'2024-03-16',97.70,82,94),
(304,'2024-04-23',171.20,89,105),
(305,'2024-05-03',251.30,96,116),
(306,'2024-06-10',175.80,103,7),
(307,'2024-07-17',109.40,110,18),
(308,'2024-08-24',165.50,117,29),
(309,'2024-09-04',190.70,4,40),
(310,'2024-10-11',101.50,11,51),
(311,'2024-11-18',174.00,18,62),
(312,'2024-12-25',266.10,25,73),
(313,'2024-01-05',221.50,32,84),
(314,'2024-02-12',58.90,39,95),
(315,'2024-03-19',151.90,46,106),
(316,'2024-04-26',111.70,53,117),
(317,'2024-05-06',148.80,60,8),
(318,'2024-06-13',126.40,67,19),
(319,'2024-07-20',137.90,74,30),
(320,'2024-08-27',154.80,81,41),
(321,'2024-09-07',164.20,88,52),
(322,'2024-10-14',194.10,95,63),
(323,'2024-11-21',185.60,102,74),
(324,'2024-12-01',110.50,109,85),
(325,'2024-01-08',96.40,116,96),
(326,'2024-02-15',83.80,3,107),
(327,'2024-03-22',126.20,10,118),
(328,'2024-04-02',123.20,17,9),
(329,'2024-05-09',64.80,24,20),
(330,'2024-06-16',123.80,31,31),
(331,'2024-07-23',134.00,38,42),
(332,'2024-08-03',149.10,45,53),
(333,'2024-09-10',258.80,52,64),
(334,'2024-10-17',271.30,59,75),
(335,'2024-11-24',122.10,66,86),
(336,'2024-12-04',235.20,73,97),
(337,'2024-01-11',130.60,80,108),
(338,'2024-02-18',168.70,87,119),
(339,'2024-03-25',79.80,94,10),
(340,'2024-04-05',223.10,101,21),
(341,'2024-05-12',191.60,108,32),
(342,'2024-06-19',143.30,115,43),
(343,'2024-07-26',321.50,2,54),
(344,'2024-08-06',269.90,9,65),
(345,'2024-09-13',170.80,16,76),
(346,'2024-10-20',131.90,23,87),
(347,'2024-11-27',129.10,30,98),
(348,'2024-12-07',191.20,37,109),
(349,'2024-01-14',161.80,44,120),
(350,'2024-02-21',140.50,51,11),
(351,'2024-03-01',107.30,58,22),
(352,'2024-04-08',220.50,65,33),
(353,'2024-05-15',183.10,72,44),
(354,'2024-06-22',206.00,79,55),
(355,'2024-07-02',263.80,86,66),
(356,'2024-08-09',158.50,93,77),
(357,'2024-09-16',174.90,100,88),
(358,'2024-10-23',225.50,107,99),
(359,'2024-11-03',185.80,114,110),
(360,'2024-12-10',281.90,1,1),
(361,'2024-01-17',160.70,8,12),
(362,'2024-02-24',191.90,15,23),
(363,'2024-03-04',347.10,22,34),
(364,'2024-04-11',106.30,29,45),
(365,'2024-05-18',169.90,36,56),
(366,'2024-06-25',108.50,43,67),
(367,'2024-07-05',101.90,50,78),
(368,'2024-08-12',74.80,57,89),
(369,'2024-09-19',203.90,64,100),
(370,'2024-10-26',224.00,71,111),
(371,'2024-11-06',117.40,78,2),
(372,'2024-12-13',92.00,85,13),
(373,'2024-01-20',150.60,92,24),
(374,'2024-02-27',84.60,99,35),
(375,'2024-03-07',79.50,106,46),
(376,'2024-04-14',93.50,113,57),
(377,'2024-05-21',64.60,120,68),
(378,'2024-06-01',172.10,7,79),
(379,'2024-07-08',141.50,14,90),
(380,'2024-08-15',130.70,21,101),
(381,'2024-09-22',70.70,28,112),
(382,'2024-10-02',186.80,35,3),
(383,'2024-11-09',122.10,42,14),
(384,'2024-12-16',135.10,49,25),
(385,'2024-01-23',181.20,56,36),
(386,'2024-02-03',125.80,63,47),
(387,'2024-03-10',203.40,70,58),
(388,'2024-04-17',135.60,77,69),
(389,'2024-05-24',75.90,84,80),
(390,'2024-06-04',88.30,91,91),
(391,'2024-07-11',130.50,98,102),
(392,'2024-08-18',135.70,105,113),
(393,'2024-09-25',178.10,112,4),
(394,'2024-10-05',189.30,119,15),
(395,'2024-11-12',80.20,6,26),
(396,'2024-12-19',245.60,13,37),
(397,'2024-01-26',178.10,20,48),
(398,'2024-02-06',146.10,27,59),
(399,'2024-03-13',111.80,34,70),
(400,'2024-04-20',95.40,41,81);
GO

INSERT INTO Interaccion.Reproduccion (idReproduccion, fechaReproduccion, duracionReproduccion, Usuario_idUsuario, Cancion_idCancion) VALUES
(401,'2024-05-27',172.20,48,92),
(402,'2024-06-07',144.60,55,103),
(403,'2024-07-14',164.50,62,114),
(404,'2024-08-21',128.50,69,5),
(405,'2024-09-01',253.20,76,16),
(406,'2024-10-08',127.10,83,27),
(407,'2024-11-15',125.10,90,38),
(408,'2024-12-22',269.40,97,49),
(409,'2024-01-02',122.30,104,60),
(410,'2024-02-09',153.90,111,71),
(411,'2024-03-16',124.90,118,82),
(412,'2024-04-23',209.20,5,93),
(413,'2024-05-03',171.10,12,104),
(414,'2024-06-10',220.70,19,115),
(415,'2024-07-17',129.00,26,6),
(416,'2024-08-24',91.20,33,17),
(417,'2024-09-04',122.60,40,28),
(418,'2024-10-11',275.80,47,39),
(419,'2024-11-18',98.00,54,50),
(420,'2024-12-25',141.40,61,61),
(421,'2024-01-05',296.30,68,72),
(422,'2024-02-12',245.10,75,83),
(423,'2024-03-19',134.60,82,94),
(424,'2024-04-26',174.50,89,105),
(425,'2024-05-06',174.00,96,116),
(426,'2024-06-13',118.40,103,7),
(427,'2024-07-20',223.30,110,18),
(428,'2024-08-27',292.60,117,29),
(429,'2024-09-07',195.60,4,40),
(430,'2024-10-14',175.00,11,51),
(431,'2024-11-21',257.80,18,62),
(432,'2024-12-01',213.50,25,73),
(433,'2024-01-08',224.70,32,84),
(434,'2024-02-15',89.80,39,95),
(435,'2024-03-22',239.20,46,106),
(436,'2024-04-02',124.50,53,117),
(437,'2024-05-09',156.60,60,8),
(438,'2024-06-16',292.00,67,19),
(439,'2024-07-23',271.40,74,30),
(440,'2024-08-03',149.80,81,41),
(441,'2024-09-10',113.80,88,52),
(442,'2024-10-17',239.90,95,63),
(443,'2024-11-24',131.20,102,74),
(444,'2024-12-04',128.60,109,85),
(445,'2024-01-11',149.20,116,96),
(446,'2024-02-18',159.50,3,107),
(447,'2024-03-25',168.80,10,118),
(448,'2024-04-05',233.90,17,9),
(449,'2024-05-12',126.60,24,20),
(450,'2024-06-19',246.50,31,31),
(451,'2024-07-26',69.50,38,42),
(452,'2024-08-06',197.80,45,53),
(453,'2024-09-13',126.20,52,64),
(454,'2024-10-20',279.50,59,75),
(455,'2024-11-27',108.70,66,86),
(456,'2024-12-07',149.20,73,97),
(457,'2024-01-14',214.50,80,108),
(458,'2024-02-21',114.40,87,119),
(459,'2024-03-01',142.60,94,10),
(460,'2024-04-08',114.60,101,21),
(461,'2024-05-15',134.00,108,32),
(462,'2024-06-22',177.70,115,43),
(463,'2024-07-02',339.60,2,54),
(464,'2024-08-09',130.00,9,65),
(465,'2024-09-16',197.40,16,76),
(466,'2024-10-23',187.80,23,87),
(467,'2024-11-03',195.40,30,98),
(468,'2024-12-10',147.60,37,109),
(469,'2024-01-17',71.60,44,120),
(470,'2024-02-24',108.20,51,11),
(471,'2024-03-04',232.60,58,22),
(472,'2024-04-11',181.40,65,33),
(473,'2024-05-18',201.00,72,44),
(474,'2024-06-25',215.30,79,55),
(475,'2024-07-05',289.00,86,66),
(476,'2024-08-12',227.90,93,77),
(477,'2024-09-19',178.60,100,88),
(478,'2024-10-26',265.80,107,99),
(479,'2024-11-06',176.00,114,110),
(480,'2024-12-13',224.50,1,1),
(481,'2024-01-20',136.20,8,12),
(482,'2024-02-27',108.60,15,23),
(483,'2024-03-07',144.80,22,34),
(484,'2024-04-14',159.90,29,45),
(485,'2024-05-21',233.00,36,56),
(486,'2024-06-01',156.80,43,67),
(487,'2024-07-08',101.20,50,78),
(488,'2024-08-15',75.40,57,89),
(489,'2024-09-22',179.80,64,100),
(490,'2024-10-02',122.90,71,111),
(491,'2024-11-09',84.40,78,2),
(492,'2024-12-16',58.20,85,13),
(493,'2024-01-23',104.00,92,24),
(494,'2024-02-03',142.60,99,35),
(495,'2024-03-10',99.30,106,46),
(496,'2024-04-17',112.30,113,57),
(497,'2024-05-24',120.50,120,68),
(498,'2024-06-04',94.30,7,79),
(499,'2024-07-11',71.90,14,90),
(500,'2025-08-18',110.10,21,101);
GO

INSERT INTO Interaccion.Reproduccion (idReproduccion, fechaReproduccion, duracionReproduccion, Usuario_idUsuario, Cancion_idCancion) VALUES
(501,'2025-09-25',120.70,28,112),
(502,'2025-10-05',162.10,35,3),
(503,'2025-11-12',126.50,42,14),
(504,'2025-12-19',255.80,49,25),
(505,'2025-01-26',132.10,56,36),
(506,'2025-02-06',127.50,63,47),
(507,'2025-03-13',195.80,70,58),
(508,'2025-04-20',166.70,77,69),
(509,'2025-05-27',185.00,84,80),
(510,'2025-06-07',110.00,91,91),
(511,'2025-07-14',161.10,98,102),
(512,'2025-08-21',178.20,105,113),
(513,'2025-09-01',76.80,112,4),
(514,'2025-10-08',274.60,119,15),
(515,'2025-11-15',215.70,6,26),
(516,'2025-12-22',176.00,13,37),
(517,'2025-01-02',199.70,20,48),
(518,'2025-02-09',143.80,27,59),
(519,'2025-03-16',131.10,34,70),
(520,'2025-04-23',145.20,41,81),
(521,'2025-05-03',279.80,48,92),
(522,'2025-06-10',263.80,55,103),
(523,'2025-07-17',76.90,62,114),
(524,'2025-08-24',181.30,69,5),
(525,'2025-09-04',152.90,76,16),
(526,'2025-10-11',89.40,83,27),
(527,'2025-11-18',223.70,90,38),
(528,'2025-12-25',102.60,97,49),
(529,'2025-01-05',201.60,104,60),
(530,'2025-02-12',115.60,111,71),
(531,'2025-03-19',71.60,118,82),
(532,'2025-04-26',287.60,5,93),
(533,'2025-05-06',222.90,12,104),
(534,'2025-06-13',335.30,19,115),
(535,'2025-07-20',273.60,26,6),
(536,'2025-08-27',160.50,33,17),
(537,'2025-09-07',147.80,40,28),
(538,'2025-10-14',309.50,47,39),
(539,'2025-11-21',190.80,54,50),
(540,'2025-12-01',178.70,61,61),
(541,'2025-01-08',302.90,68,72),
(542,'2025-02-15',133.30,75,83),
(543,'2025-03-22',111.70,82,94),
(544,'2025-04-02',103.80,89,105),
(545,'2025-05-09',279.40,96,116),
(546,'2025-06-16',285.90,103,7),
(547,'2025-07-23',215.30,110,18),
(548,'2025-08-03',143.60,117,29),
(549,'2025-09-10',111.20,4,40),
(550,'2025-10-17',170.20,11,51),
(551,'2025-11-24',106.20,18,62),
(552,'2025-12-04',287.60,25,73),
(553,'2025-01-11',125.60,32,84),
(554,'2025-02-18',93.20,39,95),
(555,'2025-03-25',123.10,46,106),
(556,'2025-04-05',196.90,53,117),
(557,'2025-05-12',92.10,60,8),
(558,'2025-06-19',197.80,67,19),
(559,'2025-07-26',132.00,74,30),
(560,'2025-08-06',255.40,81,41),
(561,'2025-09-13',174.70,88,52),
(562,'2025-10-20',155.60,95,63),
(563,'2025-11-27',143.80,102,74),
(564,'2025-12-07',121.70,109,85),
(565,'2025-01-14',103.70,116,96),
(566,'2025-02-21',159.60,3,107),
(567,'2025-03-01',272.20,10,118),
(568,'2025-04-08',230.70,17,9),
(569,'2025-05-15',79.30,24,20),
(570,'2025-06-22',291.70,31,31),
(571,'2025-07-02',135.20,38,42),
(572,'2025-08-09',132.50,45,53),
(573,'2025-09-16',116.60,52,64),
(574,'2025-10-23',240.20,59,75),
(575,'2025-11-03',95.50,66,86),
(576,'2025-12-10',283.60,73,97),
(577,'2025-01-17',188.00,80,108),
(578,'2025-02-24',167.80,87,119),
(579,'2025-03-04',136.20,94,10),
(580,'2025-04-11',226.70,101,21),
(581,'2025-05-18',123.40,108,32),
(582,'2025-06-25',117.70,115,43),
(583,'2025-07-05',180.80,2,54),
(584,'2025-08-12',140.40,9,65),
(585,'2025-09-19',135.70,16,76),
(586,'2025-10-26',300.90,23,87),
(587,'2025-11-06',134.70,30,98),
(588,'2025-12-13',145.00,37,109),
(589,'2025-01-20',136.10,44,120),
(590,'2025-02-27',113.60,51,11),
(591,'2025-03-07',232.70,58,22),
(592,'2025-04-14',170.90,65,33),
(593,'2025-05-21',156.00,72,44),
(594,'2025-06-01',273.80,79,55),
(595,'2025-07-08',175.60,86,66),
(596,'2025-08-15',255.00,93,77),
(597,'2025-09-22',196.20,100,88),
(598,'2025-10-02',270.00,107,99),
(599,'2025-11-09',228.20,114,110),
(600,'2025-12-16',227.60,1,1);
GO

INSERT INTO Interaccion.Reproduccion (idReproduccion, fechaReproduccion, duracionReproduccion, Usuario_idUsuario, Cancion_idCancion) VALUES
(601,'2025-01-23',195.90,8,12),
(602,'2025-02-03',92.90,15,23),
(603,'2025-03-10',134.40,22,34),
(604,'2025-04-17',60.70,29,45),
(605,'2025-05-24',275.30,36,56),
(606,'2025-06-04',82.60,43,67),
(607,'2025-07-11',122.50,50,78),
(608,'2025-08-18',115.10,57,89),
(609,'2025-09-25',198.90,64,100),
(610,'2025-10-05',197.00,71,111),
(611,'2025-11-12',145.50,78,2),
(612,'2025-12-19',121.00,85,13),
(613,'2025-01-26',125.10,92,24),
(614,'2025-02-06',165.70,99,35),
(615,'2025-03-13',160.40,106,46),
(616,'2025-04-20',168.30,113,57),
(617,'2025-05-27',117.80,120,68),
(618,'2025-06-07',180.10,7,79),
(619,'2025-07-14',116.40,14,90),
(620,'2025-08-21',141.70,21,101),
(621,'2025-09-01',107.20,28,112),
(622,'2025-10-08',163.00,35,3),
(623,'2025-11-15',92.30,42,14),
(624,'2025-12-22',224.20,49,25),
(625,'2025-01-02',132.80,56,36),
(626,'2025-02-09',97.60,63,47),
(627,'2025-03-16',298.10,70,58),
(628,'2025-04-23',125.30,77,69),
(629,'2025-05-03',185.30,84,80),
(630,'2025-06-10',129.70,91,91),
(631,'2025-07-17',116.80,98,102),
(632,'2025-08-24',133.70,105,113),
(633,'2025-09-04',189.00,112,4),
(634,'2025-10-11',275.30,119,15),
(635,'2025-11-18',192.60,6,26),
(636,'2025-12-25',132.40,13,37),
(637,'2025-01-05',99.90,20,48),
(638,'2025-02-12',137.90,27,59),
(639,'2025-03-19',198.80,34,70),
(640,'2025-04-26',101.70,41,81),
(641,'2025-05-06',158.60,48,92),
(642,'2025-06-13',289.50,55,103),
(643,'2025-07-20',158.00,62,114),
(644,'2025-08-27',146.60,69,5),
(645,'2025-09-07',233.20,76,16),
(646,'2025-10-14',117.10,83,27),
(647,'2025-11-21',203.30,90,38),
(648,'2025-12-01',247.50,97,49),
(649,'2025-01-08',113.60,104,60),
(650,'2025-02-15',162.50,111,71),
(651,'2025-03-22',173.80,118,82),
(652,'2025-04-02',232.50,5,93),
(653,'2025-05-09',138.10,12,104),
(654,'2025-06-16',337.70,19,115),
(655,'2025-07-23',288.10,26,6),
(656,'2025-08-03',134.90,33,17),
(657,'2025-09-10',144.10,40,28),
(658,'2025-10-17',139.20,47,39),
(659,'2025-11-24',204.00,54,50),
(660,'2025-12-04',155.80,61,61),
(661,'2025-01-11',202.70,68,72),
(662,'2025-02-18',233.50,75,83),
(663,'2025-03-25',172.80,82,94),
(664,'2025-04-05',72.90,89,105),
(665,'2025-05-12',173.60,96,116),
(666,'2025-06-19',145.60,103,7),
(667,'2025-07-26',169.40,110,18),
(668,'2025-08-06',138.70,117,29),
(669,'2025-09-13',105.30,4,40),
(670,'2025-10-20',144.10,11,51),
(671,'2025-11-27',165.40,18,62),
(672,'2025-12-07',245.30,25,73),
(673,'2025-01-14',217.60,32,84),
(674,'2025-02-21',78.40,39,95),
(675,'2025-03-01',212.00,46,106),
(676,'2025-04-08',172.10,53,117),
(677,'2025-05-15',154.00,60,8),
(678,'2025-06-22',248.30,67,19),
(679,'2025-07-02',150.10,74,30),
(680,'2025-08-09',227.80,81,41),
(681,'2025-09-16',70.30,88,52),
(682,'2025-10-23',264.50,95,63),
(683,'2025-11-03',191.60,102,74),
(684,'2025-12-10',144.80,109,85),
(685,'2025-01-17',95.40,116,96),
(686,'2025-02-24',137.40,3,107),
(687,'2025-03-04',180.30,10,118),
(688,'2025-04-11',220.30,17,9),
(689,'2025-05-18',81.90,24,20),
(690,'2025-06-25',142.20,31,31),
(691,'2025-07-05',66.90,38,42),
(692,'2025-08-12',153.00,45,53),
(693,'2025-09-19',213.40,52,64),
(694,'2025-10-26',232.40,59,75),
(695,'2025-11-06',114.90,66,86),
(696,'2025-12-13',265.20,73,97),
(697,'2025-01-20',129.20,80,108),
(698,'2025-02-27',187.20,87,119),
(699,'2025-03-07',95.30,94,10),
(700,'2025-04-14',275.50,101,21);
GO

INSERT INTO Interaccion.Reproduccion (idReproduccion, fechaReproduccion, duracionReproduccion, Usuario_idUsuario, Cancion_idCancion) VALUES
(701,'2025-05-21',128.10,108,32),
(702,'2025-06-01',150.50,115,43),
(703,'2025-07-08',318.90,2,54),
(704,'2025-08-15',231.10,9,65),
(705,'2025-09-22',210.00,16,76),
(706,'2025-10-02',226.30,23,87),
(707,'2025-11-09',240.00,30,98),
(708,'2025-12-16',150.20,37,109),
(709,'2025-01-23',157.90,44,120),
(710,'2025-02-03',117.00,51,11),
(711,'2025-03-10',243.20,58,22),
(712,'2025-04-17',144.00,65,33),
(713,'2025-05-24',114.60,72,44),
(714,'2025-06-04',146.60,79,55),
(715,'2025-07-11',302.40,86,66),
(716,'2025-08-18',272.10,93,77),
(717,'2025-09-25',167.50,100,88),
(718,'2025-10-05',144.80,107,99),
(719,'2025-11-12',142.00,114,110),
(720,'2025-12-19',178.20,1,1),
(721,'2025-01-26',211.60,8,12),
(722,'2025-02-06',129.20,15,23),
(723,'2025-03-13',153.90,22,34),
(724,'2025-04-20',63.10,29,45),
(725,'2025-05-27',268.20,36,56),
(726,'2025-06-07',138.90,43,67),
(727,'2025-07-14',191.40,50,78),
(728,'2025-08-21',101.50,57,89),
(729,'2025-09-01',303.00,64,100),
(730,'2025-10-08',320.50,71,111),
(731,'2025-11-15',94.00,78,2),
(732,'2025-12-22',142.50,85,13),
(733,'2025-01-02',68.40,92,24),
(734,'2025-02-09',121.60,99,35),
(735,'2025-03-16',107.90,106,46),
(736,'2025-04-23',75.90,113,57),
(737,'2025-05-03',103.30,120,68),
(738,'2025-06-10',91.00,7,79),
(739,'2025-07-17',102.90,14,90),
(740,'2025-08-24',132.90,21,101),
(741,'2025-09-04',116.40,28,112),
(742,'2025-10-11',145.20,35,3),
(743,'2025-11-18',79.80,42,14),
(744,'2025-12-25',186.30,49,25),
(745,'2025-01-05',131.10,56,36),
(746,'2025-02-12',104.80,63,47),
(747,'2025-03-19',215.70,70,58),
(748,'2025-04-26',180.60,77,69),
(749,'2025-05-06',149.30,84,80),
(750,'2025-06-13',133.00,91,91),
(751,'2025-07-20',213.60,98,102),
(752,'2025-08-27',188.40,105,113),
(753,'2025-09-07',150.10,112,4),
(754,'2025-10-14',228.00,119,15),
(755,'2025-11-21',80.20,6,26),
(756,'2025-12-01',170.60,13,37),
(757,'2025-01-08',173.20,20,48),
(758,'2025-02-15',170.90,27,59),
(759,'2025-03-22',117.10,34,70),
(760,'2025-04-02',124.30,41,81),
(761,'2025-05-09',124.00,48,92),
(762,'2025-06-16',226.70,55,103),
(763,'2025-07-23',72.50,62,114),
(764,'2025-08-03',252.20,69,5),
(765,'2025-09-10',257.40,76,16),
(766,'2025-10-17',67.60,83,27),
(767,'2025-11-24',193.20,90,38),
(768,'2025-12-04',167.50,97,49),
(769,'2025-01-11',146.10,104,60),
(770,'2025-02-18',86.10,111,71),
(771,'2025-03-25',111.30,118,82),
(772,'2025-04-05',176.80,5,93),
(773,'2025-05-12',250.50,12,104),
(774,'2025-06-19',251.70,19,115),
(775,'2025-07-26',268.50,26,6),
(776,'2025-08-06',86.80,33,17),
(777,'2025-09-13',139.30,40,28),
(778,'2025-10-20',126.30,47,39),
(779,'2025-11-27',90.00,54,50),
(780,'2025-12-07',228.20,61,61),
(781,'2025-01-14',217.50,68,72),
(782,'2025-02-21',201.60,75,83),
(783,'2025-03-01',146.00,82,94),
(784,'2025-04-08',99.20,89,105),
(785,'2025-05-15',226.90,96,116),
(786,'2025-06-22',193.40,103,7),
(787,'2025-07-02',114.70,110,18),
(788,'2025-08-09',258.80,117,29),
(789,'2025-09-16',197.90,4,40),
(790,'2025-10-23',155.50,11,51),
(791,'2025-11-03',155.60,18,62),
(792,'2025-12-10',164.50,25,73),
(793,'2025-01-17',334.60,32,84),
(794,'2025-02-24',61.20,39,95),
(795,'2025-03-04',136.60,46,106),
(796,'2025-04-11',201.80,53,117),
(797,'2025-05-18',138.90,60,8),
(798,'2025-06-25',270.10,67,19),
(799,'2025-07-05',147.90,74,30),
(800,'2025-08-12',126.90,81,41);
GO

INSERT INTO Interaccion.Reproduccion (idReproduccion, fechaReproduccion, duracionReproduccion, Usuario_idUsuario, Cancion_idCancion) VALUES
(801,'2025-09-19',127.90,88,52),
(802,'2025-10-26',166.70,95,63),
(803,'2025-11-06',92.30,102,74),
(804,'2025-12-13',160.70,109,85),
(805,'2025-01-20',113.40,116,96),
(806,'2025-02-27',120.50,3,107),
(807,'2025-03-07',221.50,10,118),
(808,'2025-04-14',136.80,17,9),
(809,'2025-05-21',89.00,24,20),
(810,'2025-06-01',265.10,31,31),
(811,'2025-07-08',98.10,38,42),
(812,'2025-08-15',131.30,45,53),
(813,'2025-09-22',117.10,52,64),
(814,'2025-10-02',158.20,59,75),
(815,'2025-11-09',120.90,66,86),
(816,'2025-12-16',220.10,73,97),
(817,'2025-01-23',182.70,80,108),
(818,'2025-02-03',148.50,87,119),
(819,'2025-03-10',92.80,94,10),
(820,'2025-04-17',311.30,101,21),
(821,'2025-05-24',139.40,108,32),
(822,'2025-06-04',187.40,115,43),
(823,'2025-07-11',224.80,2,54),
(824,'2025-08-18',260.40,9,65),
(825,'2025-09-25',134.70,16,76),
(826,'2025-10-05',227.90,23,87),
(827,'2025-11-12',108.40,30,98),
(828,'2025-12-19',153.60,37,109),
(829,'2025-01-26',108.60,44,120),
(830,'2025-02-06',77.00,51,11),
(831,'2025-03-13',270.30,58,22),
(832,'2025-04-20',217.30,65,33),
(833,'2025-05-27',102.40,72,44),
(834,'2025-06-07',243.50,79,55),
(835,'2025-07-14',124.60,86,66),
(836,'2025-08-21',260.20,93,77),
(837,'2025-09-01',176.90,100,88),
(838,'2025-10-08',168.40,107,99),
(839,'2025-11-15',299.20,114,110),
(840,'2025-12-22',163.30,1,1),
(841,'2025-01-02',246.80,8,12),
(842,'2025-02-09',167.90,15,23),
(843,'2025-03-16',158.00,22,34),
(844,'2025-04-23',67.60,29,45),
(845,'2025-05-03',142.50,36,56),
(846,'2025-06-10',89.90,43,67),
(847,'2025-07-17',109.50,50,78),
(848,'2025-08-24',138.70,57,89),
(849,'2025-09-04',131.70,64,100),
(850,'2025-10-11',322.70,71,111),
(851,'2025-11-18',114.00,78,2),
(852,'2025-12-25',98.20,85,13),
(853,'2025-01-05',127.80,92,24),
(854,'2025-02-12',164.50,99,35),
(855,'2025-03-19',154.70,106,46),
(856,'2025-04-26',167.90,113,57),
(857,'2025-05-06',116.70,120,68),
(858,'2025-06-13',200.10,7,79),
(859,'2025-07-20',86.90,14,90),
(860,'2025-08-27',144.70,21,101),
(861,'2025-09-07',112.00,28,112),
(862,'2025-10-14',129.80,35,3),
(863,'2025-11-21',123.00,42,14),
(864,'2025-12-01',266.70,49,25),
(865,'2025-01-08',228.80,56,36),
(866,'2025-02-15',122.40,63,47),
(867,'2025-03-22',174.70,70,58),
(868,'2025-04-02',84.70,77,69),
(869,'2025-05-09',128.70,84,80),
(870,'2025-06-16',63.10,91,91),
(871,'2025-07-23',176.90,98,102),
(872,'2025-08-03',135.50,105,113),
(873,'2025-09-10',148.40,112,4),
(874,'2025-10-17',280.50,119,15),
(875,'2025-11-24',88.80,6,26),
(876,'2025-12-04',238.00,13,37),
(877,'2025-01-11',122.90,20,48),
(878,'2025-02-18',131.00,27,59),
(879,'2025-03-25',196.60,34,70),
(880,'2025-04-05',220.60,41,81),
(881,'2025-05-12',105.40,48,92),
(882,'2025-06-19',274.40,55,103),
(883,'2025-07-26',132.30,62,114),
(884,'2025-08-06',143.30,69,5),
(885,'2025-09-13',194.90,76,16),
(886,'2025-10-20',111.50,83,27),
(887,'2025-11-27',270.40,90,38),
(888,'2025-12-07',181.10,97,49),
(889,'2025-01-14',198.80,104,60),
(890,'2025-02-21',170.30,111,71),
(891,'2025-03-01',199.20,118,82),
(892,'2025-04-08',127.60,5,93),
(893,'2025-05-15',200.50,12,104),
(894,'2025-06-22',128.10,19,115),
(895,'2025-07-02',235.30,26,6),
(896,'2025-08-09',191.30,33,17),
(897,'2025-09-16',114.50,40,28),
(898,'2025-10-23',246.50,47,39),
(899,'2025-11-03',131.00,54,50),
(900,'2025-12-10',338.60,61,61);
GO

INSERT INTO Interaccion.Reproduccion (idReproduccion, fechaReproduccion, duracionReproduccion, Usuario_idUsuario, Cancion_idCancion) VALUES
(901,'2025-01-17',209.30,68,72),
(902,'2025-02-24',231.00,75,83),
(903,'2025-03-04',186.60,82,94),
(904,'2025-04-11',77.70,89,105),
(905,'2025-05-18',252.50,96,116),
(906,'2025-06-25',191.10,103,7),
(907,'2025-07-05',153.30,110,18),
(908,'2025-08-12',233.20,117,29),
(909,'2025-09-19',161.80,4,40),
(910,'2025-10-26',115.40,11,51),
(911,'2025-11-06',255.30,18,62),
(912,'2025-12-13',325.70,25,73),
(913,'2025-01-20',250.70,32,84),
(914,'2025-02-27',71.10,39,95),
(915,'2025-03-07',114.00,46,106),
(916,'2025-04-14',163.50,53,117),
(917,'2025-05-21',154.80,60,8),
(918,'2025-06-01',176.00,67,19),
(919,'2025-07-08',213.40,74,30),
(920,'2025-08-15',231.40,81,41),
(921,'2025-09-22',82.40,88,52),
(922,'2025-10-02',214.60,95,63),
(923,'2025-11-09',86.20,102,74),
(924,'2025-12-16',164.70,109,85),
(925,'2025-01-23',174.40,116,96),
(926,'2025-02-03',95.20,3,107),
(927,'2025-03-10',122.30,10,118),
(928,'2025-04-17',190.20,17,9),
(929,'2025-05-24',141.40,24,20),
(930,'2025-06-04',317.90,31,31),
(931,'2025-07-11',146.10,38,42),
(932,'2025-08-18',83.10,45,53),
(933,'2025-09-25',229.60,52,64),
(934,'2025-10-05',194.60,59,75),
(935,'2025-11-12',69.50,66,86),
(936,'2025-12-19',197.80,73,97),
(937,'2025-01-26',230.90,80,108),
(938,'2025-02-06',157.80,87,119),
(939,'2025-03-13',128.40,94,10),
(940,'2025-04-20',151.10,101,21),
(941,'2025-05-27',301.90,108,32),
(942,'2025-06-07',87.40,115,43),
(943,'2025-07-14',187.80,2,54),
(944,'2025-08-21',281.30,9,65),
(945,'2025-09-01',156.50,16,76),
(946,'2025-10-08',252.00,23,87),
(947,'2025-11-15',214.80,30,98),
(948,'2025-12-22',167.90,37,109),
(949,'2025-01-02',138.80,44,120),
(950,'2025-02-09',176.60,51,11),
(951,'2025-03-16',221.80,58,22),
(952,'2025-04-23',192.20,65,33),
(953,'2025-05-03',93.30,72,44),
(954,'2025-06-10',132.90,79,55),
(955,'2025-07-17',249.50,86,66),
(956,'2025-08-24',258.30,93,77),
(957,'2025-09-04',238.40,100,88),
(958,'2025-10-11',289.70,107,99),
(959,'2025-11-18',132.50,114,110),
(960,'2025-12-25',165.80,1,1),
(961,'2025-01-05',207.50,8,12),
(962,'2025-02-12',213.90,15,23),
(963,'2025-03-19',264.50,22,34),
(964,'2025-04-26',136.10,29,45),
(965,'2025-05-06',237.20,36,56),
(966,'2025-06-13',97.50,43,67),
(967,'2025-07-20',123.20,50,78),
(968,'2025-08-27',160.80,57,89),
(969,'2025-09-07',283.80,64,100),
(970,'2025-10-14',312.50,71,111),
(971,'2025-11-21',71.60,78,2),
(972,'2025-12-01',119.20,85,13),
(973,'2025-01-08',128.60,92,24),
(974,'2025-02-15',144.10,99,35),
(975,'2025-03-22',165.90,106,46),
(976,'2025-04-02',155.60,113,57),
(977,'2025-05-09',102.80,120,68),
(978,'2025-06-16',125.60,7,79),
(979,'2025-07-23',70.60,14,90),
(980,'2025-08-03',70.80,21,101),
(981,'2025-09-10',149.80,28,112),
(982,'2025-10-17',187.30,35,3),
(983,'2025-11-24',72.10,42,14),
(984,'2025-12-04',232.40,49,25),
(985,'2025-01-11',155.90,56,36),
(986,'2025-02-18',159.60,63,47),
(987,'2025-03-25',245.20,70,58),
(988,'2025-04-05',145.80,77,69),
(989,'2025-05-12',85.30,84,80),
(990,'2025-06-19',68.20,91,91),
(991,'2025-07-26',136.30,98,102),
(992,'2025-08-06',162.20,105,113),
(993,'2025-09-13',132.00,112,4),
(994,'2025-10-20',253.40,119,15),
(995,'2025-11-27',89.10,6,26),
(996,'2025-12-07',304.50,13,37),
(997,'2025-01-14',180.40,20,48),
(998,'2025-02-21',166.60,27,59),
(999,'2025-03-01',193.40,34,70),
(1000,'2026-04-08',164.60,41,81);
GO

/* 11. Interaccion.Playlist - 120 registros */
INSERT INTO Interaccion.Playlist (idPlaylist, nombrePlaylist, fechaCreacionPlaylist, privacidadPlaylist, descripcionPlaylist, Usuario_idUsuario) VALUES
(1,'Mis Favoritas 1','2024-02-05','Privada','Lista generada para usuario 1',1),
(2,'Workout Mix 2','2024-03-09','Publica','Lista generada para usuario 2',2),
(3,'Noches de Relax 3','2024-04-13','Privada','Lista generada para usuario 3',3),
(4,'Top Ecuador 4','2024-05-17','Publica','Lista generada para usuario 4',4),
(5,'Concentracion 5','2024-06-21','Privada','Lista generada para usuario 5',5),
(6,'Fiesta Latina 6','2024-07-25','Publica','Lista generada para usuario 6',6),
(7,'Rock Clasico 7','2024-08-02','Privada','Lista generada para usuario 7',7),
(8,'Chill Electronico 8','2024-09-06','Publica','Lista generada para usuario 8',8),
(9,'Salsa Pa Bailar 9','2024-10-10','Privada','Lista generada para usuario 9',9),
(10,'Morning Vibes 10','2024-11-14','Publica','Lista generada para usuario 10',10),
(11,'Reggaeton Hits 11','2024-12-18','Privada','Lista generada para usuario 11',11),
(12,'Pop Global 12','2024-01-22','Publica','Lista generada para usuario 12',12),
(13,'Indie Alternativo 13','2024-02-26','Privada','Lista generada para usuario 13',13),
(14,'Jazz en Casa 14','2024-03-03','Publica','Lista generada para usuario 14',14),
(15,'Hip-Hop Latino 15','2024-04-07','Privada','Lista generada para usuario 15',15),
(16,'Electronica Andina 16','2024-05-11','Publica','Lista generada para usuario 16',16),
(17,'Cumbia Clasica 17','2024-06-15','Privada','Lista generada para usuario 17',17),
(18,'Para Correr 18','2024-07-19','Publica','Lista generada para usuario 18',18),
(19,'Salsa Dura 19','2024-08-23','Privada','Lista generada para usuario 19',19),
(20,'Rock Argentino 20','2024-09-27','Publica','Lista generada para usuario 20',20),
(21,'Shakira Essentials 21','2024-10-04','Privada','Lista generada para usuario 21',21),
(22,'Cantautores 22','2024-11-08','Publica','Lista generada para usuario 22',22),
(23,'Trap Latino Mix 23','2024-12-12','Privada','Lista generada para usuario 23',23),
(24,'Daft Punk Forever 24','2024-01-16','Publica','Lista generada para usuario 24',24),
(25,'Kendrick Best Of 25','2024-02-20','Privada','Lista generada para usuario 25',25),
(26,'Colombian Pride 26','2024-03-24','Publica','Lista generada para usuario 26',26),
(27,'Pop Internacional 27','2024-04-01','Privada','Lista generada para usuario 27',27),
(28,'Romanticas 28','2024-05-05','Publica','Lista generada para usuario 28',28),
(29,'Viajar con Musica 29','2024-06-09','Privada','Lista generada para usuario 29',29),
(30,'Nostalgia 30','2024-07-13','Publica','Lista generada para usuario 30',30),
(31,'Para Cocinar 31','2024-08-17','Privada','Lista generada para usuario 31',31),
(32,'Gym Session 32','2024-09-21','Publica','Lista generada para usuario 32',32),
(33,'Lluvia y Cafe 33','2024-10-25','Privada','Lista generada para usuario 33',33),
(34,'Baladas 34','2024-11-02','Publica','Lista generada para usuario 34',34),
(35,'Noche de Copas 35','2024-12-06','Privada','Lista generada para usuario 35',35),
(36,'Latin Grammy 36','2024-01-10','Publica','Lista generada para usuario 36',36),
(37,'Indie Ecuatoriano 37','2024-02-14','Privada','Lista generada para usuario 37',37),
(38,'Top Global 38','2024-03-18','Publica','Lista generada para usuario 38',38),
(39,'Fiesta de Quito 39','2024-04-22','Privada','Lista generada para usuario 39',39),
(40,'Soul de Medianoche 40','2024-05-26','Publica','Lista generada para usuario 40',40),
(41,'Mis Favoritas 41','2024-06-03','Privada','Lista generada para usuario 41',41),
(42,'Workout Mix 42','2024-07-07','Publica','Lista generada para usuario 42',42),
(43,'Noches de Relax 43','2024-08-11','Privada','Lista generada para usuario 43',43),
(44,'Top Ecuador 44','2024-09-15','Publica','Lista generada para usuario 44',44),
(45,'Concentracion 45','2024-10-19','Privada','Lista generada para usuario 45',45),
(46,'Fiesta Latina 46','2024-11-23','Publica','Lista generada para usuario 46',46),
(47,'Rock Clasico 47','2024-12-27','Privada','Lista generada para usuario 47',47),
(48,'Chill Electronico 48','2024-01-04','Publica','Lista generada para usuario 48',48),
(49,'Salsa Pa Bailar 49','2024-02-08','Privada','Lista generada para usuario 49',49),
(50,'Morning Vibes 50','2024-03-12','Publica','Lista generada para usuario 50',50),
(51,'Reggaeton Hits 51','2024-04-16','Privada','Lista generada para usuario 51',51),
(52,'Pop Global 52','2024-05-20','Publica','Lista generada para usuario 52',52),
(53,'Indie Alternativo 53','2024-06-24','Privada','Lista generada para usuario 53',53),
(54,'Jazz en Casa 54','2024-07-01','Publica','Lista generada para usuario 54',54),
(55,'Hip-Hop Latino 55','2024-08-05','Privada','Lista generada para usuario 55',55),
(56,'Electronica Andina 56','2024-09-09','Publica','Lista generada para usuario 56',56),
(57,'Cumbia Clasica 57','2024-10-13','Privada','Lista generada para usuario 57',57),
(58,'Para Correr 58','2024-11-17','Publica','Lista generada para usuario 58',58),
(59,'Salsa Dura 59','2024-12-21','Privada','Lista generada para usuario 59',59),
(60,'Rock Argentino 60','2024-01-25','Publica','Lista generada para usuario 60',60);
GO

INSERT INTO Interaccion.Playlist (idPlaylist, nombrePlaylist, fechaCreacionPlaylist, privacidadPlaylist, descripcionPlaylist, Usuario_idUsuario) VALUES
(61,'Shakira Essentials 61','2024-02-02','Privada','Lista generada para usuario 61',61),
(62,'Cantautores 62','2024-03-06','Publica','Lista generada para usuario 62',62),
(63,'Trap Latino Mix 63','2024-04-10','Privada','Lista generada para usuario 63',63),
(64,'Daft Punk Forever 64','2024-05-14','Publica','Lista generada para usuario 64',64),
(65,'Kendrick Best Of 65','2024-06-18','Privada','Lista generada para usuario 65',65),
(66,'Colombian Pride 66','2024-07-22','Publica','Lista generada para usuario 66',66),
(67,'Pop Internacional 67','2024-08-26','Privada','Lista generada para usuario 67',67),
(68,'Romanticas 68','2024-09-03','Publica','Lista generada para usuario 68',68),
(69,'Viajar con Musica 69','2024-10-07','Privada','Lista generada para usuario 69',69),
(70,'Nostalgia 70','2024-11-11','Publica','Lista generada para usuario 70',70),
(71,'Para Cocinar 71','2024-12-15','Privada','Lista generada para usuario 71',71),
(72,'Gym Session 72','2024-01-19','Publica','Lista generada para usuario 72',72),
(73,'Lluvia y Cafe 73','2024-02-23','Privada','Lista generada para usuario 73',73),
(74,'Baladas 74','2024-03-27','Publica','Lista generada para usuario 74',74),
(75,'Noche de Copas 75','2024-04-04','Privada','Lista generada para usuario 75',75),
(76,'Latin Grammy 76','2024-05-08','Publica','Lista generada para usuario 76',76),
(77,'Indie Ecuatoriano 77','2024-06-12','Privada','Lista generada para usuario 77',77),
(78,'Top Global 78','2024-07-16','Publica','Lista generada para usuario 78',78),
(79,'Fiesta de Quito 79','2024-08-20','Privada','Lista generada para usuario 79',79),
(80,'Soul de Medianoche 80','2024-09-24','Publica','Lista generada para usuario 80',80),
(81,'Mis Favoritas 81','2024-10-01','Privada','Lista generada para usuario 81',81),
(82,'Workout Mix 82','2024-11-05','Publica','Lista generada para usuario 82',82),
(83,'Noches de Relax 83','2024-12-09','Privada','Lista generada para usuario 83',83),
(84,'Top Ecuador 84','2024-01-13','Publica','Lista generada para usuario 84',84),
(85,'Concentracion 85','2024-02-17','Privada','Lista generada para usuario 85',85),
(86,'Fiesta Latina 86','2024-03-21','Publica','Lista generada para usuario 86',86),
(87,'Rock Clasico 87','2024-04-25','Privada','Lista generada para usuario 87',87),
(88,'Chill Electronico 88','2024-05-02','Publica','Lista generada para usuario 88',88),
(89,'Salsa Pa Bailar 89','2024-06-06','Privada','Lista generada para usuario 89',89),
(90,'Morning Vibes 90','2025-07-10','Publica','Lista generada para usuario 90',90),
(91,'Reggaeton Hits 91','2025-08-14','Privada','Lista generada para usuario 91',91),
(92,'Pop Global 92','2025-09-18','Publica','Lista generada para usuario 92',92),
(93,'Indie Alternativo 93','2025-10-22','Privada','Lista generada para usuario 93',93),
(94,'Jazz en Casa 94','2025-11-26','Publica','Lista generada para usuario 94',94),
(95,'Hip-Hop Latino 95','2025-12-03','Privada','Lista generada para usuario 95',95),
(96,'Electronica Andina 96','2025-01-07','Publica','Lista generada para usuario 96',96),
(97,'Cumbia Clasica 97','2025-02-11','Privada','Lista generada para usuario 97',97),
(98,'Para Correr 98','2025-03-15','Publica','Lista generada para usuario 98',98),
(99,'Salsa Dura 99','2025-04-19','Privada','Lista generada para usuario 99',99),
(100,'Rock Argentino 100','2025-05-23','Publica','Lista generada para usuario 100',100),
(101,'Shakira Essentials 101','2025-06-27','Privada','Lista generada para usuario 101',101),
(102,'Cantautores 102','2025-07-04','Publica','Lista generada para usuario 102',102),
(103,'Trap Latino Mix 103','2025-08-08','Privada','Lista generada para usuario 103',103),
(104,'Daft Punk Forever 104','2025-09-12','Publica','Lista generada para usuario 104',104),
(105,'Kendrick Best Of 105','2025-10-16','Privada','Lista generada para usuario 105',105),
(106,'Colombian Pride 106','2025-11-20','Publica','Lista generada para usuario 106',106),
(107,'Pop Internacional 107','2025-12-24','Privada','Lista generada para usuario 107',107),
(108,'Romanticas 108','2025-01-01','Publica','Lista generada para usuario 108',108),
(109,'Viajar con Musica 109','2025-02-05','Privada','Lista generada para usuario 109',109),
(110,'Nostalgia 110','2025-03-09','Publica','Lista generada para usuario 110',110),
(111,'Para Cocinar 111','2025-04-13','Privada','Lista generada para usuario 111',111),
(112,'Gym Session 112','2025-05-17','Publica','Lista generada para usuario 112',112),
(113,'Lluvia y Cafe 113','2025-06-21','Privada','Lista generada para usuario 113',113),
(114,'Baladas 114','2025-07-25','Publica','Lista generada para usuario 114',114),
(115,'Noche de Copas 115','2025-08-02','Privada','Lista generada para usuario 115',115),
(116,'Latin Grammy 116','2025-09-06','Publica','Lista generada para usuario 116',116),
(117,'Indie Ecuatoriano 117','2025-10-10','Privada','Lista generada para usuario 117',117),
(118,'Top Global 118','2025-11-14','Publica','Lista generada para usuario 118',118),
(119,'Fiesta de Quito 119','2025-12-18','Privada','Lista generada para usuario 119',119),
(120,'Soul de Medianoche 120','2025-01-22','Publica','Lista generada para usuario 120',120);
GO

/* 12. Interaccion.CancionPlaylist - 600 registros */
INSERT INTO Interaccion.CancionPlaylist (Cancion_idCancion, Playlist_idPlaylist) VALUES
(1,33),
(1,40),
(1,73),
(1,80),
(1,113),
(1,120),
(2,31),
(2,38),
(2,71),
(2,78),
(2,111),
(2,118),
(3,36),
(3,76),
(3,116),
(4,1),
(4,34),
(4,41),
(4,74),
(4,81),
(4,114),
(5,32),
(5,39),
(5,72),
(5,79),
(5,112),
(5,119),
(6,37),
(6,77),
(6,117),
(7,2),
(7,35),
(7,42),
(7,75),
(7,82),
(7,115),
(8,33),
(8,40),
(8,73),
(8,80),
(8,113),
(8,120),
(9,38),
(9,78),
(9,118),
(10,3),
(10,36),
(10,43),
(10,76),
(10,83),
(10,116),
(11,1),
(11,34),
(11,41),
(11,74),
(11,81),
(11,114),
(12,39),
(12,79),
(12,119),
(13,4),
(13,37),
(13,44),
(13,77),
(13,84),
(13,117),
(14,2),
(14,35),
(14,42),
(14,75),
(14,82),
(14,115),
(15,40),
(15,80),
(15,120),
(16,5),
(16,38),
(16,45),
(16,78),
(16,85),
(16,118),
(17,3),
(17,36),
(17,43),
(17,76),
(17,83),
(17,116),
(18,1),
(18,41),
(18,81),
(19,6),
(19,39),
(19,46),
(19,79),
(19,86),
(19,119),
(20,4),
(20,37),
(20,44),
(20,77);
GO

INSERT INTO Interaccion.CancionPlaylist (Cancion_idCancion, Playlist_idPlaylist) VALUES
(20,84),
(20,117),
(21,2),
(21,42),
(21,82),
(22,7),
(22,40),
(22,47),
(22,80),
(22,87),
(22,120),
(23,5),
(23,38),
(23,45),
(23,78),
(23,85),
(23,118),
(24,3),
(24,43),
(24,83),
(25,1),
(25,8),
(25,41),
(25,48),
(25,81),
(25,88),
(26,6),
(26,39),
(26,46),
(26,79),
(26,86),
(26,119),
(27,4),
(27,44),
(27,84),
(28,2),
(28,9),
(28,42),
(28,49),
(28,82),
(28,89),
(29,7),
(29,40),
(29,47),
(29,80),
(29,87),
(29,120),
(30,5),
(30,45),
(30,85),
(31,3),
(31,10),
(31,43),
(31,50),
(31,83),
(31,90),
(32,1),
(32,8),
(32,41),
(32,48),
(32,81),
(32,88),
(33,6),
(33,46),
(33,86),
(34,4),
(34,11),
(34,44),
(34,51),
(34,84),
(34,91),
(35,2),
(35,9),
(35,42),
(35,49),
(35,82),
(35,89),
(36,7),
(36,47),
(36,87),
(37,5),
(37,12),
(37,45),
(37,52),
(37,85),
(37,92),
(38,3),
(38,10),
(38,43),
(38,50),
(38,83),
(38,90),
(39,8),
(39,48),
(39,88),
(40,6),
(40,13),
(40,46),
(40,53),
(40,86);
GO

INSERT INTO Interaccion.CancionPlaylist (Cancion_idCancion, Playlist_idPlaylist) VALUES
(40,93),
(41,4),
(41,11),
(41,44),
(41,51),
(41,84),
(41,91),
(42,9),
(42,49),
(42,89),
(43,7),
(43,14),
(43,47),
(43,54),
(43,87),
(43,94),
(44,5),
(44,12),
(44,45),
(44,52),
(44,85),
(44,92),
(45,10),
(45,50),
(45,90),
(46,8),
(46,15),
(46,48),
(46,55),
(46,88),
(46,95),
(47,6),
(47,13),
(47,46),
(47,53),
(47,86),
(47,93),
(48,11),
(48,51),
(48,91),
(49,9),
(49,16),
(49,49),
(49,56),
(49,89),
(49,96),
(50,7),
(50,14),
(50,47),
(50,54),
(50,87),
(50,94),
(51,12),
(51,52),
(51,92),
(52,10),
(52,17),
(52,50),
(52,57),
(52,90),
(52,97),
(53,8),
(53,15),
(53,48),
(53,55),
(53,88),
(53,95),
(54,13),
(54,53),
(54,93),
(55,11),
(55,18),
(55,51),
(55,58),
(55,91),
(55,98),
(56,9),
(56,16),
(56,49),
(56,56),
(56,89),
(56,96),
(57,14),
(57,54),
(57,94),
(58,12),
(58,19),
(58,52),
(58,59),
(58,92),
(58,99),
(59,10),
(59,17),
(59,50),
(59,57),
(59,90),
(59,97),
(60,15),
(60,55),
(60,95);
GO

INSERT INTO Interaccion.CancionPlaylist (Cancion_idCancion, Playlist_idPlaylist) VALUES
(61,13),
(61,20),
(61,53),
(61,60),
(61,93),
(61,100),
(62,11),
(62,18),
(62,51),
(62,58),
(62,91),
(62,98),
(63,16),
(63,56),
(63,96),
(64,14),
(64,21),
(64,54),
(64,61),
(64,94),
(64,101),
(65,12),
(65,19),
(65,52),
(65,59),
(65,92),
(65,99),
(66,17),
(66,57),
(66,97),
(67,15),
(67,22),
(67,55),
(67,62),
(67,95),
(67,102),
(68,13),
(68,20),
(68,53),
(68,60),
(68,93),
(68,100),
(69,18),
(69,58),
(69,98),
(70,16),
(70,23),
(70,56),
(70,63),
(70,96),
(70,103),
(71,14),
(71,21),
(71,54),
(71,61),
(71,94),
(71,101),
(72,19),
(72,59),
(72,99),
(73,17),
(73,24),
(73,57),
(73,64),
(73,97),
(73,104),
(74,15),
(74,22),
(74,55),
(74,62),
(74,95),
(74,102),
(75,20),
(75,60),
(75,100),
(76,18),
(76,25),
(76,58),
(76,65),
(76,98),
(76,105),
(77,16),
(77,23),
(77,56),
(77,63),
(77,96),
(77,103),
(78,21),
(78,61),
(78,101),
(79,19),
(79,26),
(79,59),
(79,66),
(79,99),
(79,106),
(80,17),
(80,24),
(80,57),
(80,64);
GO

INSERT INTO Interaccion.CancionPlaylist (Cancion_idCancion, Playlist_idPlaylist) VALUES
(80,97),
(80,104),
(81,22),
(81,62),
(81,102),
(82,20),
(82,27),
(82,60),
(82,67),
(82,100),
(82,107),
(83,18),
(83,25),
(83,58),
(83,65),
(83,98),
(83,105),
(84,23),
(84,63),
(84,103),
(85,21),
(85,28),
(85,61),
(85,68),
(85,101),
(85,108),
(86,19),
(86,26),
(86,59),
(86,66),
(86,99),
(86,106),
(87,24),
(87,64),
(87,104),
(88,22),
(88,29),
(88,62),
(88,69),
(88,102),
(88,109),
(89,20),
(89,27),
(89,60),
(89,67),
(89,100),
(89,107),
(90,25),
(90,65),
(90,105),
(91,23),
(91,30),
(91,63),
(91,70),
(91,103),
(91,110),
(92,21),
(92,28),
(92,61),
(92,68),
(92,101),
(92,108),
(93,26),
(93,66),
(93,106),
(94,24),
(94,31),
(94,64),
(94,71),
(94,104),
(94,111),
(95,22),
(95,29),
(95,62),
(95,69),
(95,102),
(95,109),
(96,27),
(96,67),
(96,107),
(97,25),
(97,32),
(97,65),
(97,72),
(97,105),
(97,112),
(98,23),
(98,30),
(98,63),
(98,70),
(98,103),
(98,110),
(99,28),
(99,68),
(99,108),
(100,26),
(100,33),
(100,66),
(100,73),
(100,106);
GO

INSERT INTO Interaccion.CancionPlaylist (Cancion_idCancion, Playlist_idPlaylist) VALUES
(100,113),
(101,24),
(101,31),
(101,64),
(101,71),
(101,104),
(101,111),
(102,29),
(102,69),
(102,109),
(103,27),
(103,34),
(103,67),
(103,74),
(103,107),
(103,114),
(104,25),
(104,32),
(104,65),
(104,72),
(104,105),
(104,112),
(105,30),
(105,70),
(105,110),
(106,28),
(106,35),
(106,68),
(106,75),
(106,108),
(106,115),
(107,26),
(107,33),
(107,66),
(107,73),
(107,106),
(107,113),
(108,31),
(108,71),
(108,111),
(109,29),
(109,36),
(109,69),
(109,76),
(109,109),
(109,116),
(110,27),
(110,34),
(110,67),
(110,74),
(110,107),
(110,114),
(111,32),
(111,72),
(111,112),
(112,30),
(112,37),
(112,70),
(112,77),
(112,110),
(112,117),
(113,28),
(113,35),
(113,68),
(113,75),
(113,108),
(113,115),
(114,33),
(114,73),
(114,113),
(115,31),
(115,38),
(115,71),
(115,78),
(115,111),
(115,118),
(116,29),
(116,36),
(116,69),
(116,76),
(116,109),
(116,116),
(117,34),
(117,74),
(117,114),
(118,32),
(118,39),
(118,72),
(118,79),
(118,112),
(118,119),
(119,30),
(119,37),
(119,70),
(119,77),
(119,110),
(119,117),
(120,35),
(120,75),
(120,115);
GO

/* 13. Interaccion.UsuarioCancion - 500 likes */
INSERT INTO Interaccion.UsuarioCancion (Usuario_idUsuario, Cancion_idCancion) VALUES
(1,5),
(1,18),
(1,31),
(1,79),
(1,116),
(2,10),
(2,23),
(2,36),
(3,15),
(3,28),
(3,41),
(4,19),
(4,20),
(4,33),
(4,41),
(4,46),
(5,25),
(5,38),
(5,51),
(6,30),
(6,43),
(6,56),
(7,35),
(7,48),
(7,61),
(8,40),
(8,53),
(8,66),
(9,15),
(9,45),
(9,58),
(9,68),
(9,71),
(9,92),
(10,50),
(10,63),
(10,74),
(10,76),
(10,86),
(11,3),
(11,55),
(11,56),
(11,68),
(11,81),
(12,60),
(12,73),
(12,86),
(13,65),
(13,78),
(13,91),
(14,11),
(14,70),
(14,83),
(14,96),
(14,99),
(15,4),
(15,75),
(15,88),
(15,101),
(16,7),
(16,80),
(16,93),
(16,103),
(16,106),
(17,9),
(17,85),
(17,98),
(17,111),
(18,5),
(18,6),
(18,68),
(18,90),
(18,98),
(18,103),
(18,116),
(19,1),
(19,95),
(19,108),
(20,6),
(20,100),
(20,113),
(21,11),
(21,105),
(21,118),
(22,3),
(22,16),
(22,89),
(22,110),
(23,8),
(23,21),
(23,115),
(24,13),
(24,26),
(24,70),
(24,86),
(24,120),
(25,5),
(25,18),
(25,31),
(25,37);
GO

INSERT INTO Interaccion.UsuarioCancion (Usuario_idUsuario, Cancion_idCancion) VALUES
(26,6),
(26,10),
(26,23),
(26,36),
(27,15),
(27,28),
(27,41),
(28,20),
(28,33),
(28,46),
(29,25),
(29,38),
(29,51),
(30,30),
(30,43),
(30,56),
(31,35),
(31,39),
(31,48),
(31,54),
(31,61),
(31,94),
(31,100),
(32,40),
(32,53),
(32,66),
(33,5),
(33,28),
(33,45),
(33,58),
(33,71),
(34,50),
(34,63),
(34,76),
(34,91),
(34,100),
(35,55),
(35,68),
(35,81),
(36,32),
(36,60),
(36,73),
(36,82),
(36,86),
(37,65),
(37,78),
(37,91),
(37,118),
(38,40),
(38,42),
(38,55),
(38,70),
(38,83),
(38,96),
(39,75),
(39,88),
(39,101),
(40,66),
(40,80),
(40,93),
(40,106),
(41,84),
(41,85),
(41,98),
(41,111),
(41,120),
(42,85),
(42,90),
(42,103),
(42,116),
(43,1),
(43,35),
(43,95),
(43,108),
(44,6),
(44,24),
(44,100),
(44,105),
(44,113),
(45,11),
(45,105),
(45,118),
(46,3),
(46,16),
(46,31),
(46,70),
(46,101),
(46,110),
(46,111),
(47,8),
(47,21),
(47,50),
(47,51),
(47,66),
(47,115),
(48,13),
(48,26),
(48,29),
(48,31),
(48,33);
GO

INSERT INTO Interaccion.UsuarioCancion (Usuario_idUsuario, Cancion_idCancion) VALUES
(48,48),
(48,56),
(48,120),
(49,5),
(49,18),
(49,31),
(50,10),
(50,11),
(50,23),
(50,36),
(50,112),
(50,117),
(51,15),
(51,28),
(51,41),
(51,65),
(51,105),
(52,20),
(52,33),
(52,46),
(53,25),
(53,38),
(53,51),
(54,30),
(54,43),
(54,56),
(55,15),
(55,35),
(55,48),
(55,61),
(56,40),
(56,53),
(56,66),
(57,5),
(57,45),
(57,58),
(57,71),
(57,98),
(58,6),
(58,28),
(58,50),
(58,63),
(58,76),
(58,78),
(58,79),
(59,55),
(59,68),
(59,81),
(60,60),
(60,73),
(60,86),
(61,6),
(61,65),
(61,78),
(61,91),
(62,70),
(62,83),
(62,96),
(63,26),
(63,75),
(63,88),
(63,101),
(64,48),
(64,67),
(64,77),
(64,80),
(64,89),
(64,93),
(64,106),
(65,85),
(65,98),
(65,111),
(66,90),
(66,103),
(66,116),
(67,1),
(67,35),
(67,95),
(67,108),
(68,6),
(68,47),
(68,100),
(68,113),
(69,3),
(69,11),
(69,105),
(69,118),
(70,3),
(70,16),
(70,61),
(70,65),
(70,110),
(71,3),
(71,8),
(71,21),
(71,94),
(71,115),
(72,13),
(72,16),
(72,26);
GO

INSERT INTO Interaccion.UsuarioCancion (Usuario_idUsuario, Cancion_idCancion) VALUES
(72,120),
(73,5),
(73,18),
(73,31),
(74,10),
(74,23),
(74,31),
(74,36),
(74,54),
(75,15),
(75,28),
(75,41),
(75,95),
(76,20),
(76,33),
(76,46),
(77,25),
(77,38),
(77,51),
(78,20),
(78,30),
(78,43),
(78,56),
(78,68),
(78,106),
(79,35),
(79,37),
(79,48),
(79,56),
(79,61),
(80,40),
(80,53),
(80,59),
(80,66),
(81,24),
(81,45),
(81,58),
(81,66),
(81,71),
(82,50),
(82,52),
(82,63),
(82,76),
(82,102),
(83,23),
(83,47),
(83,55),
(83,68),
(83,81),
(84,43),
(84,60),
(84,73),
(84,86),
(85,65),
(85,78),
(85,81),
(85,91),
(86,11),
(86,70),
(86,83),
(86,96),
(87,21),
(87,58),
(87,75),
(87,88),
(87,101),
(88,60),
(88,80),
(88,93),
(88,106),
(89,85),
(89,98),
(89,111),
(89,118),
(90,62),
(90,90),
(90,103),
(90,107),
(90,116),
(91,1),
(91,61),
(91,95),
(91,108),
(92,6),
(92,19),
(92,55),
(92,100),
(92,113),
(93,11),
(93,105),
(93,118),
(94,3),
(94,16),
(94,55),
(94,110),
(94,112),
(95,8),
(95,21),
(95,24),
(95,115);
GO

INSERT INTO Interaccion.UsuarioCancion (Usuario_idUsuario, Cancion_idCancion) VALUES
(96,3),
(96,13),
(96,26),
(96,57),
(96,120),
(97,5),
(97,18),
(97,31),
(97,43),
(97,83),
(98,10),
(98,23),
(98,36),
(99,15),
(99,28),
(99,41),
(100,7),
(100,20),
(100,33),
(100,37),
(100,46),
(100,59),
(101,25),
(101,38),
(101,51),
(101,65),
(102,8),
(102,19),
(102,26),
(102,30),
(102,43),
(102,56),
(103,11),
(103,35),
(103,48),
(103,61),
(103,96),
(104,18),
(104,40),
(104,53),
(104,66),
(105,45),
(105,58),
(105,71),
(106,50),
(106,63),
(106,76),
(107,20),
(107,55),
(107,61),
(107,68),
(107,81),
(107,100),
(108,60),
(108,73),
(108,86),
(108,92),
(108,116),
(109,65),
(109,78),
(109,91),
(110,70),
(110,83),
(110,96),
(111,75),
(111,84),
(111,88),
(111,101),
(112,80),
(112,93),
(112,106),
(113,85),
(113,98),
(113,111),
(114,6),
(114,52),
(114,90),
(114,103),
(114,116),
(115,1),
(115,50),
(115,95),
(115,108),
(116,6),
(116,100),
(116,113),
(117,11),
(117,46),
(117,105),
(117,118),
(118,3),
(118,16),
(118,110),
(119,8),
(119,21),
(119,103),
(119,115),
(120,13),
(120,26),
(120,120);
GO

/* 14. Interaccion.UsuarioArtista - 500 seguimientos */
INSERT INTO Interaccion.UsuarioArtista (Usuario_idUsuario, Artista_idArtista) VALUES
(1,4),
(1,21),
(1,38),
(2,8),
(2,25),
(2,42),
(2,109),
(3,12),
(3,29),
(3,46),
(4,11),
(4,16),
(4,33),
(4,47),
(4,50),
(4,64),
(5,20),
(5,37),
(5,54),
(6,24),
(6,41),
(6,52),
(6,58),
(6,83),
(7,7),
(7,28),
(7,45),
(7,62),
(7,73),
(8,21),
(8,32),
(8,49),
(8,66),
(8,107),
(9,36),
(9,40),
(9,53),
(9,70),
(10,17),
(10,40),
(10,57),
(10,58),
(10,74),
(10,89),
(11,44),
(11,61),
(11,78),
(12,48),
(12,51),
(12,65),
(12,82),
(13,7),
(13,51),
(13,52),
(13,69),
(13,86),
(14,56),
(14,73),
(14,90),
(15,60),
(15,77),
(15,94),
(16,17),
(16,18),
(16,64),
(16,67),
(16,81),
(16,98),
(17,68),
(17,79),
(17,85),
(17,98),
(17,102),
(17,113),
(18,31),
(18,72),
(18,89),
(18,106),
(18,113),
(19,76),
(19,93),
(19,110),
(20,22),
(20,39),
(20,80),
(20,97),
(20,114),
(21,84),
(21,92),
(21,101),
(21,105),
(21,118),
(22,2),
(22,21),
(22,88),
(22,105),
(23,6),
(23,92),
(23,102),
(23,109);
GO

INSERT INTO Interaccion.UsuarioArtista (Usuario_idUsuario, Artista_idArtista) VALUES
(24,10),
(24,96),
(24,113),
(25,14),
(25,100),
(25,117),
(26,1),
(26,18),
(26,102),
(26,104),
(27,5),
(27,22),
(27,44),
(27,99),
(27,108),
(28,9),
(28,26),
(28,112),
(29,13),
(29,16),
(29,30),
(29,116),
(30,17),
(30,34),
(30,120),
(31,4),
(31,21),
(31,28),
(31,38),
(32,8),
(32,19),
(32,25),
(32,42),
(33,12),
(33,26),
(33,29),
(33,46),
(34,16),
(34,33),
(34,50),
(34,84),
(34,94),
(35,20),
(35,37),
(35,54),
(35,58),
(36,17),
(36,24),
(36,41),
(36,58),
(37,10),
(37,28),
(37,45),
(37,62),
(37,64),
(37,69),
(38,32),
(38,49),
(38,50),
(38,66),
(38,115),
(39,36),
(39,53),
(39,59),
(39,70),
(39,109),
(40,40),
(40,57),
(40,74),
(41,25),
(41,31),
(41,44),
(41,61),
(41,78),
(41,83),
(41,111),
(42,48),
(42,65),
(42,82),
(42,120),
(43,52),
(43,69),
(43,86),
(44,56),
(44,72),
(44,73),
(44,90),
(45,52),
(45,60),
(45,67),
(45,77),
(45,94),
(46,64),
(46,81),
(46,98),
(47,66),
(47,68),
(47,71),
(47,85),
(47,98);
GO

INSERT INTO Interaccion.UsuarioArtista (Usuario_idUsuario, Artista_idArtista) VALUES
(47,102),
(48,60),
(48,66),
(48,72),
(48,89),
(48,102),
(48,106),
(49,76),
(49,93),
(49,110),
(50,65),
(50,80),
(50,97),
(50,114),
(51,84),
(51,92),
(51,101),
(51,118),
(52,2),
(52,47),
(52,88),
(52,105),
(53,6),
(53,92),
(53,109),
(54,10),
(54,32),
(54,96),
(54,113),
(55,14),
(55,100),
(55,117),
(56,1),
(56,18),
(56,65),
(56,104),
(57,5),
(57,12),
(57,22),
(57,54),
(57,108),
(58,9),
(58,23),
(58,26),
(58,98),
(58,112),
(59,13),
(59,30),
(59,116),
(60,16),
(60,17),
(60,34),
(60,64),
(60,88),
(60,120),
(61,4),
(61,21),
(61,38),
(62,8),
(62,25),
(62,32),
(62,42),
(62,60),
(63,12),
(63,29),
(63,46),
(64,3),
(64,16),
(64,33),
(64,50),
(64,66),
(65,20),
(65,37),
(65,54),
(65,59),
(66,24),
(66,41),
(66,58),
(67,28),
(67,45),
(67,62),
(68,32),
(68,49),
(68,53),
(68,66),
(69,36),
(69,53),
(69,70),
(70,38),
(70,40),
(70,57),
(70,74),
(71,36),
(71,44),
(71,61),
(71,70),
(71,74),
(71,78),
(71,82),
(72,14);
GO

INSERT INTO Interaccion.UsuarioArtista (Usuario_idUsuario, Artista_idArtista) VALUES
(72,25),
(72,48),
(72,65),
(72,82),
(73,6),
(73,52),
(73,69),
(73,86),
(74,54),
(74,56),
(74,73),
(74,90),
(74,93),
(75,46),
(75,60),
(75,77),
(75,94),
(76,24),
(76,64),
(76,75),
(76,81),
(76,98),
(77,68),
(77,85),
(77,102),
(77,113),
(78,19),
(78,44),
(78,72),
(78,89),
(78,106),
(79,69),
(79,76),
(79,93),
(79,110),
(80,80),
(80,82),
(80,97),
(80,114),
(81,39),
(81,84),
(81,101),
(81,118),
(82,2),
(82,71),
(82,88),
(82,105),
(83,6),
(83,22),
(83,39),
(83,92),
(83,109),
(84,10),
(84,96),
(84,113),
(85,14),
(85,80),
(85,100),
(85,117),
(86,1),
(86,18),
(86,45),
(86,104),
(87,5),
(87,22),
(87,61),
(87,108),
(88,9),
(88,26),
(88,52),
(88,79),
(88,112),
(89,13),
(89,30),
(89,116),
(90,17),
(90,34),
(90,82),
(90,120),
(91,4),
(91,9),
(91,21),
(91,29),
(91,38),
(91,119),
(92,8),
(92,25),
(92,41),
(92,42),
(93,12),
(93,29),
(93,46),
(93,62),
(93,116),
(94,16),
(94,33),
(94,50),
(94,111),
(95,20),
(95,37);
GO

INSERT INTO Interaccion.UsuarioArtista (Usuario_idUsuario, Artista_idArtista) VALUES
(95,54),
(96,24),
(96,41),
(96,58),
(97,28),
(97,45),
(97,62),
(98,21),
(98,32),
(98,49),
(98,66),
(99,17),
(99,36),
(99,53),
(99,70),
(99,74),
(100,40),
(100,57),
(100,74),
(101,44),
(101,61),
(101,78),
(102,48),
(102,64),
(102,65),
(102,82),
(103,52),
(103,69),
(103,71),
(103,86),
(104,56),
(104,73),
(104,88),
(104,90),
(104,104),
(105,60),
(105,77),
(105,94),
(106,64),
(106,74),
(106,80),
(106,81),
(106,98),
(106,111),
(107,68),
(107,85),
(107,100),
(107,102),
(108,72),
(108,84),
(108,89),
(108,106),
(108,119),
(109,11),
(109,41),
(109,76),
(109,93),
(109,110),
(110,10),
(110,80),
(110,97),
(110,114),
(111,79),
(111,84),
(111,101),
(111,116),
(111,118),
(112,2),
(112,88),
(112,105),
(113,6),
(113,40),
(113,92),
(113,109),
(114,10),
(114,12),
(114,81),
(114,96),
(114,113),
(115,14),
(115,37),
(115,100),
(115,117),
(116,1),
(116,18),
(116,92),
(116,104),
(117,5),
(117,22),
(117,108),
(117,112),
(118,9),
(118,26),
(118,112),
(119,13),
(119,30),
(119,116),
(120,17),
(120,34),
(120,120);
GO

/* 15. Finanzas.Regalia - 120 registros */
INSERT INTO Finanzas.Regalia (idRegalia, cantidadReproduccionesRegalia, montoGeneradoRegalia, fechaCalculoRegalia, Cancion_idCancion) VALUES
(1,8,0.40,'2025-12-31',1),
(2,9,0.45,'2025-12-31',2),
(3,9,0.45,'2025-12-31',3),
(4,9,0.45,'2025-12-31',4),
(5,8,0.40,'2025-12-31',5),
(6,8,0.40,'2025-12-31',6),
(7,8,0.40,'2025-12-31',7),
(8,8,0.40,'2025-12-31',8),
(9,8,0.40,'2025-12-31',9),
(10,8,0.40,'2025-12-31',10),
(11,8,0.40,'2025-12-31',11),
(12,9,0.45,'2025-12-31',12),
(13,9,0.45,'2025-12-31',13),
(14,9,0.45,'2025-12-31',14),
(15,9,0.45,'2025-12-31',15),
(16,8,0.40,'2025-12-31',16),
(17,8,0.40,'2025-12-31',17),
(18,8,0.40,'2025-12-31',18),
(19,8,0.40,'2025-12-31',19),
(20,8,0.40,'2025-12-31',20),
(21,8,0.40,'2025-12-31',21),
(22,8,0.40,'2025-12-31',22),
(23,9,0.45,'2025-12-31',23),
(24,9,0.45,'2025-12-31',24),
(25,9,0.45,'2025-12-31',25),
(26,9,0.45,'2025-12-31',26),
(27,8,0.40,'2025-12-31',27),
(28,8,0.40,'2025-12-31',28),
(29,8,0.40,'2025-12-31',29),
(30,8,0.40,'2025-12-31',30),
(31,8,0.40,'2025-12-31',31),
(32,8,0.40,'2025-12-31',32),
(33,8,0.40,'2025-12-31',33),
(34,9,0.45,'2025-12-31',34),
(35,9,0.45,'2025-12-31',35),
(36,9,0.45,'2025-12-31',36),
(37,9,0.45,'2025-12-31',37),
(38,8,0.40,'2025-12-31',38),
(39,8,0.40,'2025-12-31',39),
(40,8,0.40,'2025-12-31',40),
(41,8,0.40,'2025-12-31',41),
(42,8,0.40,'2025-12-31',42),
(43,8,0.40,'2025-12-31',43),
(44,8,0.40,'2025-12-31',44),
(45,9,0.45,'2025-12-31',45),
(46,9,0.45,'2025-12-31',46),
(47,9,0.45,'2025-12-31',47),
(48,9,0.45,'2025-12-31',48),
(49,8,0.40,'2025-12-31',49),
(50,8,0.40,'2025-12-31',50),
(51,8,0.40,'2025-12-31',51),
(52,8,0.40,'2025-12-31',52),
(53,8,0.40,'2025-12-31',53),
(54,8,0.40,'2025-12-31',54),
(55,8,0.40,'2025-12-31',55),
(56,9,0.45,'2025-12-31',56),
(57,9,0.45,'2025-12-31',57),
(58,9,0.45,'2025-12-31',58),
(59,9,0.45,'2025-12-31',59),
(60,8,0.40,'2025-12-31',60);
GO

INSERT INTO Finanzas.Regalia (idRegalia, cantidadReproduccionesRegalia, montoGeneradoRegalia, fechaCalculoRegalia, Cancion_idCancion) VALUES
(61,8,0.40,'2025-12-31',61),
(62,8,0.40,'2025-12-31',62),
(63,8,0.40,'2025-12-31',63),
(64,8,0.40,'2025-12-31',64),
(65,8,0.40,'2025-12-31',65),
(66,8,0.40,'2025-12-31',66),
(67,9,0.45,'2025-12-31',67),
(68,9,0.45,'2025-12-31',68),
(69,9,0.45,'2025-12-31',69),
(70,9,0.45,'2025-12-31',70),
(71,8,0.40,'2025-12-31',71),
(72,8,0.40,'2025-12-31',72),
(73,8,0.40,'2025-12-31',73),
(74,8,0.40,'2025-12-31',74),
(75,8,0.40,'2025-12-31',75),
(76,8,0.40,'2025-12-31',76),
(77,8,0.40,'2025-12-31',77),
(78,9,0.45,'2025-12-31',78),
(79,9,0.45,'2025-12-31',79),
(80,9,0.45,'2025-12-31',80),
(81,9,0.45,'2025-12-31',81),
(82,8,0.40,'2025-12-31',82),
(83,8,0.40,'2025-12-31',83),
(84,8,0.40,'2025-12-31',84),
(85,8,0.40,'2025-12-31',85),
(86,8,0.40,'2025-12-31',86),
(87,8,0.40,'2025-12-31',87),
(88,8,0.40,'2025-12-31',88),
(89,9,0.45,'2025-12-31',89),
(90,9,0.45,'2025-12-31',90),
(91,9,0.45,'2025-12-31',91),
(92,8,0.40,'2025-12-31',92),
(93,8,0.40,'2025-12-31',93),
(94,8,0.40,'2025-12-31',94),
(95,8,0.40,'2025-12-31',95),
(96,8,0.40,'2025-12-31',96),
(97,8,0.40,'2025-12-31',97),
(98,8,0.40,'2025-12-31',98),
(99,8,0.40,'2025-12-31',99),
(100,9,0.45,'2025-12-31',100),
(101,9,0.45,'2025-12-31',101),
(102,9,0.45,'2025-12-31',102),
(103,8,0.40,'2025-12-31',103),
(104,8,0.40,'2025-12-31',104),
(105,8,0.40,'2025-12-31',105),
(106,8,0.40,'2025-12-31',106),
(107,8,0.40,'2025-12-31',107),
(108,8,0.40,'2025-12-31',108),
(109,8,0.40,'2025-12-31',109),
(110,8,0.40,'2025-12-31',110),
(111,9,0.45,'2025-12-31',111),
(112,9,0.45,'2025-12-31',112),
(113,9,0.45,'2025-12-31',113),
(114,8,0.40,'2025-12-31',114),
(115,8,0.40,'2025-12-31',115),
(116,8,0.40,'2025-12-31',116),
(117,8,0.40,'2025-12-31',117),
(118,8,0.40,'2025-12-31',118),
(119,8,0.40,'2025-12-31',119),
(120,8,0.40,'2025-12-31',120);
GO

/* ============================================================
   VERIFICACION FINAL DE CARGA
   ============================================================ */
SELECT 'Genero' AS Tabla, COUNT(*) AS Total FROM Catalogo.Genero
UNION ALL SELECT 'Productora', COUNT(*) FROM Catalogo.Productora
UNION ALL SELECT 'Album', COUNT(*) FROM Catalogo.Album
UNION ALL SELECT 'Artista', COUNT(*) FROM Catalogo.Artista
UNION ALL SELECT 'Cancion', COUNT(*) FROM Catalogo.Cancion
UNION ALL SELECT 'Usuario', COUNT(*) FROM Seguridad.Usuario
UNION ALL SELECT 'ArtistaCancion', COUNT(*) FROM Interaccion.ArtistaCancion
UNION ALL SELECT 'Suscripcion', COUNT(*) FROM Finanzas.Suscripcion
UNION ALL SELECT 'Pago', COUNT(*) FROM Finanzas.Pago
UNION ALL SELECT 'Reproduccion', COUNT(*) FROM Interaccion.Reproduccion
UNION ALL SELECT 'Playlist', COUNT(*) FROM Interaccion.Playlist
UNION ALL SELECT 'CancionPlaylist', COUNT(*) FROM Interaccion.CancionPlaylist
UNION ALL SELECT 'UsuarioCancion', COUNT(*) FROM Interaccion.UsuarioCancion
UNION ALL SELECT 'UsuarioArtista', COUNT(*) FROM Interaccion.UsuarioArtista
UNION ALL SELECT 'Regalia', COUNT(*) FROM Finanzas.Regalia;
GO


/* ============================================================
   SECCION NUEVA - SEGURIDAD Y CRUD COMPLETO
   Agregado para el Proyecto Integrador Python.
   Incluye logins, usuarios, permisos y SPs CRUD para todas
   las tablas de la base de datos SonoraInc.
   ============================================================ */


/* ============================================================
   PASO 1 - LOGINS EN EL SERVIDOR
   Ejecutar conectado como sa o Windows Auth (sysadmin)
   ============================================================ */

USE master;
GO

-- Login administrador: puede crear y modificar objetos en SonoraInc
IF NOT EXISTS (SELECT 1 FROM sys.server_principals WHERE name = 'SonoraAdmin')
BEGIN
    CREATE LOGIN SonoraAdmin
        WITH PASSWORD    = 'Admin@Sonora2026',
             CHECK_POLICY = ON;
END;
GO

-- Login de aplicacion: solo puede ejecutar SPs, lo usa Python para conectarse
IF NOT EXISTS (SELECT 1 FROM sys.server_principals WHERE name = 'SonoraApp')
BEGIN
    CREATE LOGIN SonoraApp
        WITH PASSWORD    = 'App@Sonora2026',
             CHECK_POLICY = ON;
END;
GO


/* ============================================================
   PASO 2 - USUARIOS Y PERMISOS EN LA BASE DE DATOS
   ============================================================ */

USE SonoraInc;
GO

IF NOT EXISTS (SELECT 1 FROM sys.database_principals WHERE name = 'SonoraAdmin')
    CREATE USER SonoraAdmin FOR LOGIN SonoraAdmin;
GO

IF NOT EXISTS (SELECT 1 FROM sys.database_principals WHERE name = 'SonoraApp')
    CREATE USER SonoraApp FOR LOGIN SonoraApp;
GO

-- SonoraAdmin recibe db_owner para poder crear y modificar objetos
ALTER ROLE db_owner ADD MEMBER SonoraAdmin;
GO

-- SonoraApp solo puede ejecutar procedimientos del esquema Procesos
GRANT EXECUTE ON SCHEMA::Procesos TO SonoraApp;
GO


/* ============================================================
   PASO 3 - CRUD Catalogo.Artista
   (tabla elegida para el proyecto integrador Python)
   ============================================================ */

CREATE PROCEDURE Procesos.sp_InsertarArtista
    @nombreArtista           VARCHAR(50),
    @paisOrigenArtista       VARCHAR(50),
    @descripcionArtista      VARCHAR(50) = NULL,
    @Productora_idProductora INT
AS
BEGIN
    SET NOCOUNT ON;
    IF NOT EXISTS (SELECT 1 FROM Catalogo.Productora WHERE idProductora = @Productora_idProductora)
        THROW 50101, 'La productora especificada no existe.', 1;
    IF EXISTS (SELECT 1 FROM Catalogo.Artista WHERE nombreArtista = @nombreArtista)
        THROW 50107, 'Ya existe un artista con ese nombre.', 1;
    DECLARE @idArtista INT;
    SELECT @idArtista = ISNULL(MAX(idArtista), 0) + 1 FROM Catalogo.Artista;
    INSERT INTO Catalogo.Artista (idArtista, nombreArtista, paisOrigenArtista, descripcionArtista, Productora_idProductora)
    VALUES (@idArtista, @nombreArtista, @paisOrigenArtista, @descripcionArtista, @Productora_idProductora);
    SELECT 'Artista registrado correctamente' AS Mensaje, @idArtista AS idArtista;
END;
GO

CREATE PROCEDURE Procesos.sp_ConsultarArtistas
    @idArtista INT = NULL
AS
BEGIN
    SET NOCOUNT ON;
    SELECT a.idArtista, a.nombreArtista, a.paisOrigenArtista,
           ISNULL(a.descripcionArtista, '-') AS descripcionArtista,
           p.idProductora, p.nombreProductora
    FROM Catalogo.Artista a
    INNER JOIN Catalogo.Productora p ON a.Productora_idProductora = p.idProductora
    WHERE (@idArtista IS NULL OR a.idArtista = @idArtista);
END;
GO

CREATE PROCEDURE Procesos.sp_ActualizarArtista
    @idArtista               INT,
    @nombreArtista           VARCHAR(50),
    @paisOrigenArtista       VARCHAR(50),
    @descripcionArtista      VARCHAR(50) = NULL,
    @Productora_idProductora INT
AS
BEGIN
    SET NOCOUNT ON;
    IF NOT EXISTS (SELECT 1 FROM Catalogo.Artista WHERE idArtista = @idArtista)
        THROW 50102, 'El artista especificado no existe.', 1;
    IF NOT EXISTS (SELECT 1 FROM Catalogo.Productora WHERE idProductora = @Productora_idProductora)
        THROW 50103, 'La productora especificada no existe.', 1;
    IF EXISTS (SELECT 1 FROM Catalogo.Artista WHERE nombreArtista = @nombreArtista AND idArtista != @idArtista)
        THROW 50108, 'Ya existe otro artista con ese nombre.', 1;
    UPDATE Catalogo.Artista
    SET nombreArtista = @nombreArtista, paisOrigenArtista = @paisOrigenArtista,
        descripcionArtista = @descripcionArtista, Productora_idProductora = @Productora_idProductora
    WHERE idArtista = @idArtista;
    SELECT 'Artista actualizado correctamente' AS Mensaje;
END;
GO

CREATE PROCEDURE Procesos.sp_EliminarArtista
    @idArtista INT
AS
BEGIN
    SET NOCOUNT ON;
    IF NOT EXISTS (SELECT 1 FROM Catalogo.Artista WHERE idArtista = @idArtista)
        THROW 50104, 'El artista especificado no existe.', 1;
    IF EXISTS (SELECT 1 FROM Interaccion.ArtistaCancion WHERE Artista_idArtista = @idArtista)
        THROW 50105, 'No se puede eliminar: el artista tiene canciones asociadas.', 1;
    IF EXISTS (SELECT 1 FROM Interaccion.UsuarioArtista WHERE Artista_idArtista = @idArtista)
        THROW 50106, 'No se puede eliminar: el artista tiene seguidores.', 1;
    DELETE FROM Catalogo.Artista WHERE idArtista = @idArtista;
    SELECT 'Artista eliminado correctamente' AS Mensaje;
END;
GO


/* ============================================================
   PASO 4 - CRUD Catalogo.Genero
   ============================================================ */

CREATE PROCEDURE Procesos.sp_InsertarGenero
    @nombreGenero VARCHAR(50)
AS
BEGIN
    SET NOCOUNT ON;
    IF EXISTS (SELECT 1 FROM Catalogo.Genero WHERE nombreGenero = @nombreGenero)
        THROW 50201, 'Ya existe un genero con ese nombre.', 1;
    DECLARE @idGenero INT;
    SELECT @idGenero = ISNULL(MAX(idGenero), 0) + 1 FROM Catalogo.Genero;
    INSERT INTO Catalogo.Genero (idGenero, nombreGenero) VALUES (@idGenero, @nombreGenero);
    SELECT 'Genero registrado correctamente' AS Mensaje, @idGenero AS idGenero;
END;
GO

CREATE PROCEDURE Procesos.sp_ConsultarGeneros
    @idGenero INT = NULL
AS
BEGIN
    SET NOCOUNT ON;
    SELECT idGenero, nombreGenero FROM Catalogo.Genero
    WHERE (@idGenero IS NULL OR idGenero = @idGenero);
END;
GO

CREATE PROCEDURE Procesos.sp_ActualizarGenero
    @idGenero     INT,
    @nombreGenero VARCHAR(50)
AS
BEGIN
    SET NOCOUNT ON;
    IF NOT EXISTS (SELECT 1 FROM Catalogo.Genero WHERE idGenero = @idGenero)
        THROW 50202, 'El genero especificado no existe.', 1;
    IF EXISTS (SELECT 1 FROM Catalogo.Genero WHERE nombreGenero = @nombreGenero AND idGenero != @idGenero)
        THROW 50203, 'Ya existe otro genero con ese nombre.', 1;
    UPDATE Catalogo.Genero SET nombreGenero = @nombreGenero WHERE idGenero = @idGenero;
    SELECT 'Genero actualizado correctamente' AS Mensaje;
END;
GO

CREATE PROCEDURE Procesos.sp_EliminarGenero
    @idGenero INT
AS
BEGIN
    SET NOCOUNT ON;
    IF NOT EXISTS (SELECT 1 FROM Catalogo.Genero WHERE idGenero = @idGenero)
        THROW 50204, 'El genero especificado no existe.', 1;
    IF EXISTS (SELECT 1 FROM Catalogo.Cancion WHERE Genero_idGenero = @idGenero)
        THROW 50205, 'No se puede eliminar: el genero tiene canciones asociadas.', 1;
    DELETE FROM Catalogo.Genero WHERE idGenero = @idGenero;
    SELECT 'Genero eliminado correctamente' AS Mensaje;
END;
GO


/* ============================================================
   PASO 5 - CRUD Catalogo.Album
   ============================================================ */

CREATE PROCEDURE Procesos.sp_InsertarAlbum
    @tituloAlbum           VARCHAR(50),
    @fechaLanzamientoAlbum DATE
AS
BEGIN
    SET NOCOUNT ON;
    IF EXISTS (SELECT 1 FROM Catalogo.Album WHERE tituloAlbum = @tituloAlbum)
        THROW 50209, 'Ya existe un album con ese titulo.', 1;
    DECLARE @idAlbum INT;
    SELECT @idAlbum = ISNULL(MAX(idAlbum), 0) + 1 FROM Catalogo.Album;
    INSERT INTO Catalogo.Album (idAlbum, tituloAlbum, fechaLanzamientoAlbum)
    VALUES (@idAlbum, @tituloAlbum, @fechaLanzamientoAlbum);
    SELECT 'Album registrado correctamente' AS Mensaje, @idAlbum AS idAlbum;
END;
GO

CREATE PROCEDURE Procesos.sp_ConsultarAlbumes
    @idAlbum INT = NULL
AS
BEGIN
    SET NOCOUNT ON;
    SELECT idAlbum, tituloAlbum, fechaLanzamientoAlbum FROM Catalogo.Album
    WHERE (@idAlbum IS NULL OR idAlbum = @idAlbum);
END;
GO

CREATE PROCEDURE Procesos.sp_ActualizarAlbum
    @idAlbum               INT,
    @tituloAlbum           VARCHAR(50),
    @fechaLanzamientoAlbum DATE
AS
BEGIN
    SET NOCOUNT ON;
    IF NOT EXISTS (SELECT 1 FROM Catalogo.Album WHERE idAlbum = @idAlbum)
        THROW 50206, 'El album especificado no existe.', 1;
    IF EXISTS (SELECT 1 FROM Catalogo.Album WHERE tituloAlbum = @tituloAlbum AND idAlbum != @idAlbum)
        THROW 50210, 'Ya existe otro album con ese titulo.', 1;
    UPDATE Catalogo.Album
    SET tituloAlbum = @tituloAlbum, fechaLanzamientoAlbum = @fechaLanzamientoAlbum
    WHERE idAlbum = @idAlbum;
    SELECT 'Album actualizado correctamente' AS Mensaje;
END;
GO

CREATE PROCEDURE Procesos.sp_EliminarAlbum
    @idAlbum INT
AS
BEGIN
    SET NOCOUNT ON;
    IF NOT EXISTS (SELECT 1 FROM Catalogo.Album WHERE idAlbum = @idAlbum)
        THROW 50207, 'El album especificado no existe.', 1;
    IF EXISTS (SELECT 1 FROM Catalogo.Cancion WHERE Album_idAlbum = @idAlbum)
        THROW 50208, 'No se puede eliminar: el album tiene canciones asociadas.', 1;
    DELETE FROM Catalogo.Album WHERE idAlbum = @idAlbum;
    SELECT 'Album eliminado correctamente' AS Mensaje;
END;
GO


/* ============================================================
   PASO 6 - CRUD Catalogo.Productora
   ============================================================ */

CREATE PROCEDURE Procesos.sp_InsertarProductora
    @nombreProductora VARCHAR(50),
    @paisProductora   VARCHAR(50),
    @correoProductora VARCHAR(50)
AS
BEGIN
    SET NOCOUNT ON;
    IF EXISTS (SELECT 1 FROM Catalogo.Productora WHERE nombreProductora = @nombreProductora)
        THROW 50216, 'Ya existe una productora con ese nombre.', 1;
    IF EXISTS (SELECT 1 FROM Catalogo.Productora WHERE correoProductora = @correoProductora)
        THROW 50211, 'Ya existe una productora con ese correo.', 1;
    DECLARE @idProductora INT;
    SELECT @idProductora = ISNULL(MAX(idProductora), 0) + 1 FROM Catalogo.Productora;
    INSERT INTO Catalogo.Productora (idProductora, nombreProductora, paisProductora, correoProductora)
    VALUES (@idProductora, @nombreProductora, @paisProductora, @correoProductora);
    SELECT 'Productora registrada correctamente' AS Mensaje, @idProductora AS idProductora;
END;
GO

CREATE PROCEDURE Procesos.sp_ConsultarProductoras
    @idProductora INT = NULL
AS
BEGIN
    SET NOCOUNT ON;
    SELECT idProductora, nombreProductora, paisProductora, correoProductora
    FROM Catalogo.Productora
    WHERE (@idProductora IS NULL OR idProductora = @idProductora);
END;
GO

CREATE PROCEDURE Procesos.sp_ActualizarProductora
    @idProductora     INT,
    @nombreProductora VARCHAR(50),
    @paisProductora   VARCHAR(50),
    @correoProductora VARCHAR(50)
AS
BEGIN
    SET NOCOUNT ON;
    IF NOT EXISTS (SELECT 1 FROM Catalogo.Productora WHERE idProductora = @idProductora)
        THROW 50212, 'La productora especificada no existe.', 1;
    IF EXISTS (SELECT 1 FROM Catalogo.Productora WHERE nombreProductora = @nombreProductora AND idProductora != @idProductora)
        THROW 50217, 'Ya existe otra productora con ese nombre.', 1;
    IF EXISTS (SELECT 1 FROM Catalogo.Productora WHERE correoProductora = @correoProductora AND idProductora != @idProductora)
        THROW 50213, 'Ya existe otra productora con ese correo.', 1;
    UPDATE Catalogo.Productora
    SET nombreProductora = @nombreProductora, paisProductora = @paisProductora, correoProductora = @correoProductora
    WHERE idProductora = @idProductora;
    SELECT 'Productora actualizada correctamente' AS Mensaje;
END;
GO

CREATE PROCEDURE Procesos.sp_EliminarProductora
    @idProductora INT
AS
BEGIN
    SET NOCOUNT ON;
    IF NOT EXISTS (SELECT 1 FROM Catalogo.Productora WHERE idProductora = @idProductora)
        THROW 50214, 'La productora especificada no existe.', 1;
    IF EXISTS (SELECT 1 FROM Catalogo.Artista WHERE Productora_idProductora = @idProductora)
        THROW 50215, 'No se puede eliminar: la productora tiene artistas asociados.', 1;
    DELETE FROM Catalogo.Productora WHERE idProductora = @idProductora;
    SELECT 'Productora eliminada correctamente' AS Mensaje;
END;
GO


/* ============================================================
   PASO 7 - CRUD Catalogo.Cancion
   ============================================================ */

CREATE PROCEDURE Procesos.sp_InsertarCancion
    @tituloCancion   VARCHAR(50),
    @duracionCancion FLOAT,
    @idiomaCancion   VARCHAR(50) = NULL,
    @Genero_idGenero INT,
    @Album_idAlbum   INT = NULL
AS
BEGIN
    SET NOCOUNT ON;
    IF NOT EXISTS (SELECT 1 FROM Catalogo.Genero WHERE idGenero = @Genero_idGenero)
        THROW 50218, 'El genero especificado no existe.', 1;
    IF @Album_idAlbum IS NOT NULL AND NOT EXISTS (SELECT 1 FROM Catalogo.Album WHERE idAlbum = @Album_idAlbum)
        THROW 50219, 'El album especificado no existe.', 1;
    IF EXISTS (SELECT 1 FROM Catalogo.Cancion WHERE tituloCancion = @tituloCancion AND Genero_idGenero = @Genero_idGenero)
        THROW 50220, 'Ya existe una cancion con ese titulo en el mismo genero.', 1;
    DECLARE @idCancion INT;
    SELECT @idCancion = ISNULL(MAX(idCancion), 0) + 1 FROM Catalogo.Cancion;
    INSERT INTO Catalogo.Cancion (idCancion, tituloCancion, duracionCancion, idiomaCancion, Genero_idGenero, Album_idAlbum)
    VALUES (@idCancion, @tituloCancion, @duracionCancion, @idiomaCancion, @Genero_idGenero, @Album_idAlbum);
    SELECT 'Cancion registrada correctamente' AS Mensaje, @idCancion AS idCancion;
END;
GO

CREATE PROCEDURE Procesos.sp_ConsultarCanciones
    @idCancion INT = NULL
AS
BEGIN
    SET NOCOUNT ON;
    SELECT c.idCancion, c.tituloCancion, c.duracionCancion,
           ISNULL(c.idiomaCancion, '-') AS idiomaCancion,
           g.nombreGenero,
           ISNULL(a.tituloAlbum, '-') AS tituloAlbum
    FROM Catalogo.Cancion c
    INNER JOIN Catalogo.Genero g ON c.Genero_idGenero = g.idGenero
    LEFT  JOIN Catalogo.Album  a ON c.Album_idAlbum   = a.idAlbum
    WHERE (@idCancion IS NULL OR c.idCancion = @idCancion);
END;
GO

CREATE PROCEDURE Procesos.sp_ActualizarCancion
    @idCancion       INT,
    @tituloCancion   VARCHAR(50),
    @duracionCancion FLOAT,
    @idiomaCancion   VARCHAR(50) = NULL,
    @Genero_idGenero INT,
    @Album_idAlbum   INT = NULL
AS
BEGIN
    SET NOCOUNT ON;
    IF NOT EXISTS (SELECT 1 FROM Catalogo.Cancion WHERE idCancion = @idCancion)
        THROW 50221, 'La cancion especificada no existe.', 1;
    IF NOT EXISTS (SELECT 1 FROM Catalogo.Genero WHERE idGenero = @Genero_idGenero)
        THROW 50222, 'El genero especificado no existe.', 1;
    IF @Album_idAlbum IS NOT NULL AND NOT EXISTS (SELECT 1 FROM Catalogo.Album WHERE idAlbum = @Album_idAlbum)
        THROW 50223, 'El album especificado no existe.', 1;
    IF EXISTS (SELECT 1 FROM Catalogo.Cancion WHERE tituloCancion = @tituloCancion AND Genero_idGenero = @Genero_idGenero AND idCancion != @idCancion)
        THROW 50224, 'Ya existe otra cancion con ese titulo en el mismo genero.', 1;
    UPDATE Catalogo.Cancion
    SET tituloCancion = @tituloCancion, duracionCancion = @duracionCancion,
        idiomaCancion = @idiomaCancion, Genero_idGenero = @Genero_idGenero, Album_idAlbum = @Album_idAlbum
    WHERE idCancion = @idCancion;
    SELECT 'Cancion actualizada correctamente' AS Mensaje;
END;
GO

CREATE PROCEDURE Procesos.sp_EliminarCancion
    @idCancion INT
AS
BEGIN
    SET NOCOUNT ON;
    IF NOT EXISTS (SELECT 1 FROM Catalogo.Cancion WHERE idCancion = @idCancion)
        THROW 50221, 'La cancion especificada no existe.', 1;
    IF EXISTS (SELECT 1 FROM Interaccion.ArtistaCancion WHERE Cancion_idCancion = @idCancion)
        THROW 50222, 'No se puede eliminar: la cancion tiene artistas asociados.', 1;
    DELETE FROM Interaccion.CancionPlaylist  WHERE Cancion_idCancion = @idCancion;
    DELETE FROM Interaccion.UsuarioCancion   WHERE Cancion_idCancion = @idCancion;
    DELETE FROM Interaccion.Reproduccion     WHERE Cancion_idCancion = @idCancion;
    DELETE FROM Finanzas.Regalia             WHERE Cancion_idCancion = @idCancion;
    DELETE FROM Catalogo.Cancion             WHERE idCancion         = @idCancion;
    SELECT 'Cancion eliminada correctamente' AS Mensaje;
END;
GO


/* ============================================================
   PASO 8 - CRUD complementario Seguridad.Usuario
   (sp_RegistrarUsuario e sp_IniciarSesion ya existen)
   ============================================================ */

CREATE PROCEDURE Procesos.sp_ConsultarUsuarios
    @idUsuario INT = NULL
AS
BEGIN
    SET NOCOUNT ON;
    SELECT idUsuario, nombreUsuario, apellidoUsuario,
           ISNULL(segundoNombreUsuario, '-')   AS segundoNombreUsuario,
           ISNULL(segundoApellidoUsuario, '-') AS segundoApellidoUsuario,
           correoUsuario, fechaRegistroUsuario
    FROM Seguridad.Usuario
    WHERE (@idUsuario IS NULL OR idUsuario = @idUsuario);
END;
GO

CREATE PROCEDURE Procesos.sp_ActualizarUsuario
    @idUsuario               INT,
    @nombreUsuario           VARCHAR(50),
    @apellidoUsuario         VARCHAR(50),
    @segundoNombreUsuario    VARCHAR(50) = NULL,
    @segundoApellidoUsuario  VARCHAR(50) = NULL,
    @correoUsuario           VARCHAR(50)
AS
BEGIN
    SET NOCOUNT ON;
    IF NOT EXISTS (SELECT 1 FROM Seguridad.Usuario WHERE idUsuario = @idUsuario)
        THROW 50223, 'El usuario especificado no existe.', 1;
    IF EXISTS (SELECT 1 FROM Seguridad.Usuario WHERE correoUsuario = @correoUsuario AND idUsuario != @idUsuario)
        THROW 50224, 'El correo ya esta en uso por otro usuario.', 1;
    UPDATE Seguridad.Usuario
    SET nombreUsuario = @nombreUsuario, apellidoUsuario = @apellidoUsuario,
        segundoNombreUsuario = @segundoNombreUsuario, segundoApellidoUsuario = @segundoApellidoUsuario,
        correoUsuario = @correoUsuario
    WHERE idUsuario = @idUsuario;
    SELECT 'Usuario actualizado correctamente' AS Mensaje;
END;
GO

CREATE PROCEDURE Procesos.sp_EliminarUsuario
    @idUsuario INT
AS
BEGIN
    SET NOCOUNT ON;
    IF NOT EXISTS (SELECT 1 FROM Seguridad.Usuario WHERE idUsuario = @idUsuario)
        THROW 50225, 'El usuario especificado no existe.', 1;
    IF EXISTS (SELECT 1 FROM Finanzas.Suscripcion WHERE Usuario_idUsuario = @idUsuario)
        THROW 50226, 'No se puede eliminar: el usuario tiene suscripciones activas.', 1;
    DELETE FROM Interaccion.UsuarioCancion  WHERE Usuario_idUsuario = @idUsuario;
    DELETE FROM Interaccion.UsuarioArtista  WHERE Usuario_idUsuario = @idUsuario;
    DELETE FROM Interaccion.Reproduccion    WHERE Usuario_idUsuario = @idUsuario;
    DELETE FROM Interaccion.Playlist        WHERE Usuario_idUsuario = @idUsuario;
    DELETE FROM Seguridad.Usuario           WHERE idUsuario         = @idUsuario;
    SELECT 'Usuario eliminado correctamente' AS Mensaje;
END;
GO


/* ============================================================
   PASO 9 - CRUD complementario Interaccion.Playlist
   (sp_CrearPlaylist ya existe para INSERT)
   ============================================================ */

CREATE PROCEDURE Procesos.sp_ConsultarPlaylists
    @idPlaylist INT = NULL
AS
BEGIN
    SET NOCOUNT ON;
    SELECT p.idPlaylist, p.nombrePlaylist, p.fechaCreacionPlaylist,
           p.privacidadPlaylist, ISNULL(p.descripcionPlaylist, '-') AS descripcionPlaylist,
           u.nombreUsuario, u.apellidoUsuario
    FROM Interaccion.Playlist  p
    INNER JOIN Seguridad.Usuario u ON p.Usuario_idUsuario = u.idUsuario
    WHERE (@idPlaylist IS NULL OR p.idPlaylist = @idPlaylist);
END;
GO

CREATE PROCEDURE Procesos.sp_ActualizarPlaylist
    @idPlaylist          INT,
    @nombrePlaylist      VARCHAR(50),
    @privacidadPlaylist  VARCHAR(50),
    @descripcionPlaylist VARCHAR(50) = NULL
AS
BEGIN
    SET NOCOUNT ON;
    IF NOT EXISTS (SELECT 1 FROM Interaccion.Playlist WHERE idPlaylist = @idPlaylist)
        THROW 50228, 'La playlist especificada no existe.', 1;
    IF @privacidadPlaylist NOT IN ('Privada', 'Publica')
        THROW 50229, 'La privacidad debe ser Privada o Publica.', 1;
    UPDATE Interaccion.Playlist
    SET nombrePlaylist = @nombrePlaylist, privacidadPlaylist = @privacidadPlaylist,
        descripcionPlaylist = @descripcionPlaylist
    WHERE idPlaylist = @idPlaylist;
    SELECT 'Playlist actualizada correctamente' AS Mensaje;
END;
GO

CREATE PROCEDURE Procesos.sp_EliminarPlaylist
    @idPlaylist INT
AS
BEGIN
    SET NOCOUNT ON;
    IF NOT EXISTS (SELECT 1 FROM Interaccion.Playlist WHERE idPlaylist = @idPlaylist)
        THROW 50230, 'La playlist especificada no existe.', 1;
    DELETE FROM Interaccion.CancionPlaylist WHERE Playlist_idPlaylist = @idPlaylist;
    DELETE FROM Interaccion.Playlist        WHERE idPlaylist          = @idPlaylist;
    SELECT 'Playlist eliminada correctamente' AS Mensaje;
END;
GO


/* ============================================================
   PASO 10 - CRUD complementario Finanzas.Suscripcion
   (sp_RegistrarSuscripcion ya existe para INSERT)
   ============================================================ */

CREATE PROCEDURE Procesos.sp_ConsultarSuscripciones
    @idSuscripcion INT = NULL
AS
BEGIN
    SET NOCOUNT ON;
    SELECT s.idSuscripcion, s.tipoPlanSuscripcion, s.fechaInicioSuscripcion,
           s.fechaFinSuscripcion, ISNULL(s.estadoSuscripcion, '-') AS estadoSuscripcion,
           u.nombreUsuario, u.apellidoUsuario
    FROM Finanzas.Suscripcion  s
    INNER JOIN Seguridad.Usuario u ON s.Usuario_idUsuario = u.idUsuario
    WHERE (@idSuscripcion IS NULL OR s.idSuscripcion = @idSuscripcion);
END;
GO

CREATE PROCEDURE Procesos.sp_ActualizarSuscripcion
    @idSuscripcion       INT,
    @tipoPlanSuscripcion VARCHAR(50),
    @fechaFinSuscripcion DATE = NULL,
    @estadoSuscripcion   VARCHAR(50) = NULL
AS
BEGIN
    SET NOCOUNT ON;
    IF NOT EXISTS (SELECT 1 FROM Finanzas.Suscripcion WHERE idSuscripcion = @idSuscripcion)
        THROW 50233, 'La suscripcion especificada no existe.', 1;
    IF @tipoPlanSuscripcion NOT IN ('Gratis', 'Premium')
        THROW 50234, 'El tipo de plan debe ser Gratis o Premium.', 1;
    IF @estadoSuscripcion IS NOT NULL AND @estadoSuscripcion NOT IN ('Activa', 'Cancelada', 'Vencida')
        THROW 50235, 'El estado debe ser Activa, Cancelada o Vencida.', 1;
    UPDATE Finanzas.Suscripcion
    SET tipoPlanSuscripcion = @tipoPlanSuscripcion,
        fechaFinSuscripcion = @fechaFinSuscripcion,
        estadoSuscripcion   = @estadoSuscripcion
    WHERE idSuscripcion = @idSuscripcion;
    SELECT 'Suscripcion actualizada correctamente' AS Mensaje;
END;
GO

CREATE PROCEDURE Procesos.sp_EliminarSuscripcion
    @idSuscripcion INT
AS
BEGIN
    SET NOCOUNT ON;
    IF NOT EXISTS (SELECT 1 FROM Finanzas.Suscripcion WHERE idSuscripcion = @idSuscripcion)
        THROW 50236, 'La suscripcion especificada no existe.', 1;
    IF EXISTS (SELECT 1 FROM Finanzas.Pago WHERE Suscripcion_idSuscripcion = @idSuscripcion)
        THROW 50237, 'No se puede eliminar: la suscripcion tiene pagos registrados.', 1;
    DELETE FROM Finanzas.Suscripcion WHERE idSuscripcion = @idSuscripcion;
    SELECT 'Suscripcion eliminada correctamente' AS Mensaje;
END;
GO


/* ============================================================
   PASO 11 - CRUD complementario Finanzas.Pago
   (sp_RegistrarPago ya existe para INSERT)
   ============================================================ */

CREATE PROCEDURE Procesos.sp_ConsultarPagos
    @idPago INT = NULL
AS
BEGIN
    SET NOCOUNT ON;
    SELECT p.idPago, p.fechaPago, p.montoPago,
           s.idSuscripcion, s.tipoPlanSuscripcion,
           u.nombreUsuario, u.apellidoUsuario
    FROM Finanzas.Pago         p
    INNER JOIN Finanzas.Suscripcion s ON p.Suscripcion_idSuscripcion = s.idSuscripcion
    INNER JOIN Seguridad.Usuario    u ON s.Usuario_idUsuario          = u.idUsuario
    WHERE (@idPago IS NULL OR p.idPago = @idPago);
END;
GO

CREATE PROCEDURE Procesos.sp_ActualizarPago
    @idPago     INT,
    @fechaPago  DATE,
    @montoPago  DECIMAL(10,2)
AS
BEGIN
    SET NOCOUNT ON;
    IF NOT EXISTS (SELECT 1 FROM Finanzas.Pago WHERE idPago = @idPago)
        THROW 50238, 'El pago especificado no existe.', 1;
    UPDATE Finanzas.Pago
    SET fechaPago = @fechaPago, montoPago = @montoPago
    WHERE idPago = @idPago;
    SELECT 'Pago actualizado correctamente' AS Mensaje;
END;
GO

CREATE PROCEDURE Procesos.sp_EliminarPago
    @idPago INT
AS
BEGIN
    SET NOCOUNT ON;
    IF NOT EXISTS (SELECT 1 FROM Finanzas.Pago WHERE idPago = @idPago)
        THROW 50239, 'El pago especificado no existe.', 1;
    DELETE FROM Finanzas.Pago WHERE idPago = @idPago;
    SELECT 'Pago eliminado correctamente' AS Mensaje;
END;
GO


/* ============================================================
   PASO 12 - CRUD complementario Finanzas.Regalia
   (sp_CalcularRegaliaCancion ya existe para INSERT)
   ============================================================ */

CREATE PROCEDURE Procesos.sp_ConsultarRegalias
    @idRegalia INT = NULL
AS
BEGIN
    SET NOCOUNT ON;
    SELECT r.idRegalia, r.cantidadReproduccionesRegalia, r.montoGeneradoRegalia,
           r.fechaCalculoRegalia, c.tituloCancion
    FROM Finanzas.Regalia  r
    INNER JOIN Catalogo.Cancion c ON r.Cancion_idCancion = c.idCancion
    WHERE (@idRegalia IS NULL OR r.idRegalia = @idRegalia);
END;
GO

CREATE PROCEDURE Procesos.sp_ActualizarRegalia
    @idRegalia                       INT,
    @cantidadReproduccionesRegalia   INT,
    @montoGeneradoRegalia            DECIMAL(10,2),
    @fechaCalculoRegalia             DATE
AS
BEGIN
    SET NOCOUNT ON;
    IF NOT EXISTS (SELECT 1 FROM Finanzas.Regalia WHERE idRegalia = @idRegalia)
        THROW 50243, 'La regalia especificada no existe.', 1;
    UPDATE Finanzas.Regalia
    SET cantidadReproduccionesRegalia = @cantidadReproduccionesRegalia,
        montoGeneradoRegalia          = @montoGeneradoRegalia,
        fechaCalculoRegalia           = @fechaCalculoRegalia
    WHERE idRegalia = @idRegalia;
    SELECT 'Regalia actualizada correctamente' AS Mensaje;
END;
GO

CREATE PROCEDURE Procesos.sp_EliminarRegalia
    @idRegalia INT
AS
BEGIN
    SET NOCOUNT ON;
    IF NOT EXISTS (SELECT 1 FROM Finanzas.Regalia WHERE idRegalia = @idRegalia)
        THROW 50244, 'La regalia especificada no existe.', 1;
    DELETE FROM Finanzas.Regalia WHERE idRegalia = @idRegalia;
    SELECT 'Regalia eliminada correctamente' AS Mensaje;
END;
GO


/* ============================================================
   PASO 13 - CRUD complementario Interaccion.Reproduccion
   (sp_RegistrarReproduccion ya existe para INSERT)
   ============================================================ */

CREATE PROCEDURE Procesos.sp_ConsultarReproducciones
    @idReproduccion INT = NULL
AS
BEGIN
    SET NOCOUNT ON;
    SELECT r.idReproduccion, r.fechaReproduccion, r.duracionReproduccion,
           u.nombreUsuario, u.apellidoUsuario, c.tituloCancion
    FROM Interaccion.Reproduccion r
    INNER JOIN Seguridad.Usuario  u ON r.Usuario_idUsuario  = u.idUsuario
    INNER JOIN Catalogo.Cancion   c ON r.Cancion_idCancion  = c.idCancion
    WHERE (@idReproduccion IS NULL OR r.idReproduccion = @idReproduccion);
END;
GO

CREATE PROCEDURE Procesos.sp_EliminarReproduccion
    @idReproduccion INT
AS
BEGIN
    SET NOCOUNT ON;
    IF NOT EXISTS (SELECT 1 FROM Interaccion.Reproduccion WHERE idReproduccion = @idReproduccion)
        THROW 50248, 'La reproduccion especificada no existe.', 1;
    DELETE FROM Interaccion.Reproduccion WHERE idReproduccion = @idReproduccion;
    SELECT 'Reproduccion eliminada correctamente' AS Mensaje;
END;
GO


/* ============================================================
   PASO 14 - CRUD Interaccion.ArtistaCancion (tabla sin SPs)
   ============================================================ */

CREATE PROCEDURE Procesos.sp_InsertarArtistaCancion
    @Artista_idArtista INT,
    @Cancion_idCancion INT
AS
BEGIN
    SET NOCOUNT ON;
    IF NOT EXISTS (SELECT 1 FROM Catalogo.Artista WHERE idArtista = @Artista_idArtista)
        THROW 50253, 'El artista especificado no existe.', 1;
    IF NOT EXISTS (SELECT 1 FROM Catalogo.Cancion WHERE idCancion = @Cancion_idCancion)
        THROW 50254, 'La cancion especificada no existe.', 1;
    IF EXISTS (SELECT 1 FROM Interaccion.ArtistaCancion WHERE Artista_idArtista = @Artista_idArtista AND Cancion_idCancion = @Cancion_idCancion)
        THROW 50255, 'El artista ya esta asociado a esa cancion.', 1;
    INSERT INTO Interaccion.ArtistaCancion (Artista_idArtista, Cancion_idCancion)
    VALUES (@Artista_idArtista, @Cancion_idCancion);
    SELECT 'Artista asociado a cancion correctamente' AS Mensaje;
END;
GO

CREATE PROCEDURE Procesos.sp_ConsultarArtistaCancion
    @Artista_idArtista INT = NULL
AS
BEGIN
    SET NOCOUNT ON;
    SELECT a.idArtista, a.nombreArtista, c.idCancion, c.tituloCancion
    FROM Interaccion.ArtistaCancion ac
    INNER JOIN Catalogo.Artista a ON ac.Artista_idArtista = a.idArtista
    INNER JOIN Catalogo.Cancion c ON ac.Cancion_idCancion = c.idCancion
    WHERE (@Artista_idArtista IS NULL OR ac.Artista_idArtista = @Artista_idArtista);
END;
GO

CREATE PROCEDURE Procesos.sp_EliminarArtistaCancion
    @Artista_idArtista INT,
    @Cancion_idCancion INT
AS
BEGIN
    SET NOCOUNT ON;
    IF NOT EXISTS (SELECT 1 FROM Interaccion.ArtistaCancion WHERE Artista_idArtista = @Artista_idArtista AND Cancion_idCancion = @Cancion_idCancion)
        THROW 50256, 'La asociacion artista-cancion no existe.', 1;
    DELETE FROM Interaccion.ArtistaCancion
    WHERE Artista_idArtista = @Artista_idArtista AND Cancion_idCancion = @Cancion_idCancion;
    SELECT 'Asociacion artista-cancion eliminada correctamente' AS Mensaje;
END;
GO


/* ============================================================
   PASO 15 - SELECT y DELETE complementarios para tablas
   junction que ya tienen INSERT via SPs existentes
   (CancionPlaylist, UsuarioCancion, UsuarioArtista)
   ============================================================ */

CREATE PROCEDURE Procesos.sp_ConsultarCancionPlaylist
    @Playlist_idPlaylist INT = NULL
AS
BEGIN
    SET NOCOUNT ON;
    SELECT pl.idPlaylist, pl.nombrePlaylist, c.idCancion, c.tituloCancion
    FROM Interaccion.CancionPlaylist cp
    INNER JOIN Interaccion.Playlist  pl ON cp.Playlist_idPlaylist = pl.idPlaylist
    INNER JOIN Catalogo.Cancion       c ON cp.Cancion_idCancion   = c.idCancion
    WHERE (@Playlist_idPlaylist IS NULL OR cp.Playlist_idPlaylist = @Playlist_idPlaylist);
END;
GO

CREATE PROCEDURE Procesos.sp_EliminarCancionPlaylist
    @Playlist_idPlaylist INT,
    @Cancion_idCancion   INT
AS
BEGIN
    SET NOCOUNT ON;
    IF NOT EXISTS (SELECT 1 FROM Interaccion.CancionPlaylist WHERE Playlist_idPlaylist = @Playlist_idPlaylist AND Cancion_idCancion = @Cancion_idCancion)
        THROW 50257, 'La cancion no pertenece a esa playlist.', 1;
    DELETE FROM Interaccion.CancionPlaylist
    WHERE Playlist_idPlaylist = @Playlist_idPlaylist AND Cancion_idCancion = @Cancion_idCancion;
    SELECT 'Cancion removida de la playlist correctamente' AS Mensaje;
END;
GO

CREATE PROCEDURE Procesos.sp_ConsultarUsuarioCancion
    @Usuario_idUsuario INT = NULL
AS
BEGIN
    SET NOCOUNT ON;
    SELECT u.idUsuario, u.nombreUsuario, u.apellidoUsuario, c.idCancion, c.tituloCancion
    FROM Interaccion.UsuarioCancion uc
    INNER JOIN Seguridad.Usuario u ON uc.Usuario_idUsuario = u.idUsuario
    INNER JOIN Catalogo.Cancion  c ON uc.Cancion_idCancion = c.idCancion
    WHERE (@Usuario_idUsuario IS NULL OR uc.Usuario_idUsuario = @Usuario_idUsuario);
END;
GO

CREATE PROCEDURE Procesos.sp_EliminarUsuarioCancion
    @Usuario_idUsuario INT,
    @Cancion_idCancion INT
AS
BEGIN
    SET NOCOUNT ON;
    IF NOT EXISTS (SELECT 1 FROM Interaccion.UsuarioCancion WHERE Usuario_idUsuario = @Usuario_idUsuario AND Cancion_idCancion = @Cancion_idCancion)
        THROW 50261, 'El usuario no tiene ese like registrado.', 1;
    DELETE FROM Interaccion.UsuarioCancion
    WHERE Usuario_idUsuario = @Usuario_idUsuario AND Cancion_idCancion = @Cancion_idCancion;
    SELECT 'Like eliminado correctamente' AS Mensaje;
END;
GO

CREATE PROCEDURE Procesos.sp_ConsultarUsuarioArtista
    @Usuario_idUsuario INT = NULL
AS
BEGIN
    SET NOCOUNT ON;
    SELECT u.idUsuario, u.nombreUsuario, u.apellidoUsuario, a.idArtista, a.nombreArtista
    FROM Interaccion.UsuarioArtista ua
    INNER JOIN Seguridad.Usuario u ON ua.Usuario_idUsuario  = u.idUsuario
    INNER JOIN Catalogo.Artista  a ON ua.Artista_idArtista  = a.idArtista
    WHERE (@Usuario_idUsuario IS NULL OR ua.Usuario_idUsuario = @Usuario_idUsuario);
END;
GO

CREATE PROCEDURE Procesos.sp_EliminarUsuarioArtista
    @Usuario_idUsuario INT,
    @Artista_idArtista INT
AS
BEGIN
    SET NOCOUNT ON;
    IF NOT EXISTS (SELECT 1 FROM Interaccion.UsuarioArtista WHERE Usuario_idUsuario = @Usuario_idUsuario AND Artista_idArtista = @Artista_idArtista)
        THROW 50265, 'El usuario no sigue a ese artista.', 1;
    DELETE FROM Interaccion.UsuarioArtista
    WHERE Usuario_idUsuario = @Usuario_idUsuario AND Artista_idArtista = @Artista_idArtista;
    SELECT 'Seguimiento eliminado correctamente' AS Mensaje;
END;
GO
GO



/* -- 
   SonoraInc — Cierre de Gaps para Interfaz Web (Fase 4)
   Ejecutar sobre la BD SonoraInc ya creada y poblada.
   Orden recomendado: ejecutar sección por sección.
   --  */

USE SonoraInc;
GO

/* -- 
   GAP 1 — Login con contraseña (passwordHash)
   Problema : sp_IniciarSesion valida solo por correo.
              Cualquier persona con un email registrado entra.
   Solución : 1) Agregar columna passwordHash a Usuario.
              2) Poblar hashes de prueba (SHA2_256 simple para BD;
                 en producción Python envía el hash bcrypt).
              3) Reemplazar sp_IniciarSesion para validar el hash.
              4) Ajustar sp_RegistrarUsuario para recibir la clave.
   --  */

-- 1a. Agregar columna (NULL al inicio para no romper datos existentes)
ALTER TABLE Seguridad.Usuario
    ADD passwordHash VARCHAR(255) NULL;
GO

-- 1b. Poblar hashes de prueba en los 120 usuarios existentes.
--     Patrón: password es "Sonora" + idUsuario (ej: "Sonora1", "Sonora2"…)
--     En producción Python calculará bcrypt antes de llamar al SP.
UPDATE Seguridad.Usuario
SET passwordHash = CONVERT(VARCHAR(64),
        HASHBYTES('SHA2_256', 'Sonora' + CAST(idUsuario AS VARCHAR)), 2);
GO

-- Verificación rápida
-- SELECT TOP 3 idUsuario, correoUsuario, passwordHash FROM Seguridad.Usuario;

-- 1c. Constraint NOT NULL ahora que todos tienen hash
ALTER TABLE Seguridad.Usuario
    ALTER COLUMN passwordHash VARCHAR(255) NOT NULL;
GO


-- 1d. Reemplazar sp_IniciarSesion (valida correo + hash)
--     Python debe enviar: CONVERT(VARCHAR(64), HASHBYTES('SHA2_256', password), 2)
--     o el hash bcrypt cuando se migre a ese esquema.
DROP PROCEDURE IF EXISTS Procesos.sp_IniciarSesion;
GO

CREATE PROCEDURE Procesos.sp_IniciarSesion
    @correoUsuario  VARCHAR(50),
    @passwordHash   VARCHAR(255)        -- hash enviado desde Python
AS
BEGIN
    SET NOCOUNT ON;

    -- Verificar que el correo exista
    IF NOT EXISTS (
        SELECT 1 FROM Seguridad.Usuario
        WHERE correoUsuario = @correoUsuario
    )
    BEGIN
        THROW 50002, 'Credenciales incorrectas.', 1;
    END;

    -- Verificar contraseña
    IF NOT EXISTS (
        SELECT 1 FROM Seguridad.Usuario
        WHERE correoUsuario = @correoUsuario
          AND passwordHash  = @passwordHash
    )
    BEGIN
        -- Mismo mensaje que arriba para no revelar si el correo existe
        THROW 50002, 'Credenciales incorrectas.', 1;
    END;

    -- Devolver datos del usuario autenticado
    SELECT
        idUsuario,
        nombreUsuario,
        apellidoUsuario,
        correoUsuario,
        fechaRegistroUsuario
    FROM Seguridad.Usuario
    WHERE correoUsuario = @correoUsuario;
END;
GO


-- 1e. Reemplazar sp_RegistrarUsuario para recibir y guardar la contraseña
DROP PROCEDURE IF EXISTS Procesos.sp_RegistrarUsuario;
GO

CREATE PROCEDURE Procesos.sp_RegistrarUsuario
    @nombreUsuario          VARCHAR(50),
    @apellidoUsuario        VARCHAR(50),
    @segundoNombreUsuario   VARCHAR(50) = NULL,
    @segundoApellidoUsuario VARCHAR(50) = NULL,
    @correoUsuario          VARCHAR(50),
    @fechaRegistroUsuario   DATE,
    @passwordHash           VARCHAR(255)   -- hash SHA2_256 o bcrypt desde Python
AS
BEGIN
    SET NOCOUNT ON;

    IF EXISTS (
        SELECT 1 FROM Seguridad.Usuario
        WHERE correoUsuario = @correoUsuario
    )
    BEGIN
        THROW 50001, 'El correo ingresado ya se encuentra registrado.', 1;
    END;

    IF LEN(LTRIM(RTRIM(@passwordHash))) < 8
    BEGIN
        THROW 50030, 'El hash de contraseña no es válido.', 1;
    END;

    DECLARE @idUsuario INT;
    SELECT @idUsuario = ISNULL(MAX(idUsuario), 0) + 1
    FROM Seguridad.Usuario;

    INSERT INTO Seguridad.Usuario
    (
        idUsuario, nombreUsuario, apellidoUsuario,
        segundoNombreUsuario, segundoApellidoUsuario,
        correoUsuario, fechaRegistroUsuario, passwordHash
    )
    VALUES
    (
        @idUsuario, @nombreUsuario, @apellidoUsuario,
        @segundoNombreUsuario, @segundoApellidoUsuario,
        @correoUsuario, @fechaRegistroUsuario, @passwordHash
    );

    SELECT 'Usuario registrado correctamente' AS Mensaje, @idUsuario AS idUsuario;
END;
GO

-- Verificación Gap 1
-- EXEC Procesos.sp_IniciarSesion
--     'carlos.mendoza1@hotmail.com',
--     CONVERT(VARCHAR(64), HASHBYTES('SHA2_256','Sonora1'), 2);


/* -- 
   GAP 2 — sp_CalcularRegaliasGlobal duplica registros
   Problema : El cursor inserta una nueva fila en Finanzas.Regalia
              por cada canción, cada vez que se ejecuta.
              Llamarlo dos veces duplica todos los registros.
   Solución : Antes de insertar, verificar si ya existe una regalia
              para esa canción en esa fecha; si existe, hacer UPDATE.
   --  */

DROP PROCEDURE IF EXISTS Procesos.sp_CalcularRegaliasGlobal;
GO

CREATE PROCEDURE Procesos.sp_CalcularRegaliasGlobal
    @valorPorReproduccion   DECIMAL(10,2),
    @fechaCalculoRegalia    DATE
AS
BEGIN
    SET NOCOUNT ON;

    IF @valorPorReproduccion <= 0
    BEGIN
        THROW 50040, 'El valor por reproducción debe ser mayor a cero.', 1;
    END;

    DECLARE @idCancion              INT;
    DECLARE @cantidadReproducciones INT;
    DECLARE @montoRegalia           DECIMAL(10,2);
    DECLARE @idRegalia              INT;
    DECLARE @insertados             INT = 0;
    DECLARE @actualizados           INT = 0;

    DECLARE cursorCanciones CURSOR FOR
        SELECT idCancion FROM Catalogo.Cancion;

    OPEN cursorCanciones;
    FETCH NEXT FROM cursorCanciones INTO @idCancion;

    WHILE @@FETCH_STATUS = 0
    BEGIN
        -- Contar reproducciones de esta cancion
        SELECT @cantidadReproducciones = COUNT(*)
        FROM Interaccion.Reproduccion
        WHERE Cancion_idCancion = @idCancion;

        SET @montoRegalia = ISNULL(@cantidadReproducciones, 0) * @valorPorReproduccion;

        -- ¿Ya existe una regalia para esta cancion en esta fecha?
        IF EXISTS (
            SELECT 1 FROM Finanzas.Regalia
            WHERE Cancion_idCancion      = @idCancion
              AND fechaCalculoRegalia    = @fechaCalculoRegalia
        )
        BEGIN
            -- UPDATE en lugar de duplicar
            UPDATE Finanzas.Regalia
            SET cantidadReproduccionesRegalia = @cantidadReproducciones,
                montoGeneradoRegalia          = @montoRegalia
            WHERE Cancion_idCancion    = @idCancion
              AND fechaCalculoRegalia  = @fechaCalculoRegalia;

            SET @actualizados = @actualizados + 1;
        END
        ELSE
        BEGIN
            -- INSERT solo si no existe para esa fecha
            SELECT @idRegalia = ISNULL(MAX(idRegalia), 0) + 1
            FROM Finanzas.Regalia;

            INSERT INTO Finanzas.Regalia
            (
                idRegalia, cantidadReproduccionesRegalia,
                montoGeneradoRegalia, fechaCalculoRegalia, Cancion_idCancion
            )
            VALUES
            (
                @idRegalia, ISNULL(@cantidadReproducciones, 0),
                @montoRegalia, @fechaCalculoRegalia, @idCancion
            );

            SET @insertados = @insertados + 1;
        END;

        FETCH NEXT FROM cursorCanciones INTO @idCancion;
    END;

    CLOSE cursorCanciones;
    DEALLOCATE cursorCanciones;

    SELECT
        'Regalías calculadas correctamente' AS Mensaje,
        @insertados   AS NuevasInsertadas,
        @actualizados AS Actualizadas;
END;
GO

-- Verificación Gap 2
-- EXEC Procesos.sp_CalcularRegaliasGlobal 0.05, '2026-05-22';
-- EXEC Procesos.sp_CalcularRegaliasGlobal 0.05, '2026-05-22';  -- segunda vez no duplica
-- SELECT COUNT(*) FROM Finanzas.Regalia WHERE fechaCalculoRegalia = '2026-05-22';


/* -- 
   GAP 3 — IDs manuales (MAX+1) con race condition
   Problema : ISNULL(MAX(id), 0) + 1 falla bajo concurrencia:
              dos sesiones simultáneas pueden obtener el mismo ID
              antes de que ninguna haga el INSERT.
   Solución : Agregar columna IDENTITY a cada tabla y reasignar
              la generación de IDs a SQL Server.
              Los SPs dejan de calcular el ID manualmente.

   NOTA: Alterar una PK existente para hacerla IDENTITY requiere
   recrear la tabla. En un sistema en producción esto se haría
   con una migración planificada. Aquí el script muestra el
   patrón para UNA tabla (Seguridad.Usuario) como ejemplo
   demostrable; el mismo patrón aplica a las demás.

   Alternativa más simple para el proyecto (recomendada):
   Usar SEQUENCE objects — no requiere recrear tablas.
   --  */

-- 3a. Crear SEQUENCES para las tablas principales
--     (se sincronizan con el MAX actual para no colisionar con datos existentes)

-- Usuario
DECLARE @maxUsuario INT;
SELECT @maxUsuario = ISNULL(MAX(idUsuario), 0) + 1 FROM Seguridad.Usuario;
DECLARE @sqlU NVARCHAR(500) =
    N'CREATE SEQUENCE dbo.seq_Usuario START WITH ' + CAST(@maxUsuario AS NVARCHAR) +
    N' INCREMENT BY 1 MINVALUE 1 NO MAXVALUE NO CYCLE NO CACHE;';
EXEC sp_executesql @sqlU;
GO

-- Artista
DECLARE @maxArtista INT;
SELECT @maxArtista = ISNULL(MAX(idArtista), 0) + 1 FROM Catalogo.Artista;
DECLARE @sqlA NVARCHAR(500) =
    N'CREATE SEQUENCE dbo.seq_Artista START WITH ' + CAST(@maxArtista AS NVARCHAR) +
    N' INCREMENT BY 1 MINVALUE 1 NO MAXVALUE NO CYCLE NO CACHE;';
EXEC sp_executesql @sqlA;
GO

-- Cancion
DECLARE @maxCancion INT;
SELECT @maxCancion = ISNULL(MAX(idCancion), 0) + 1 FROM Catalogo.Cancion;
DECLARE @sqlC NVARCHAR(500) =
    N'CREATE SEQUENCE dbo.seq_Cancion START WITH ' + CAST(@maxCancion AS NVARCHAR) +
    N' INCREMENT BY 1 MINVALUE 1 NO MAXVALUE NO CYCLE NO CACHE;';
EXEC sp_executesql @sqlC;
GO

-- Playlist
DECLARE @maxPlaylist INT;
SELECT @maxPlaylist = ISNULL(MAX(idPlaylist), 0) + 1 FROM Interaccion.Playlist;
DECLARE @sqlPL NVARCHAR(500) =
    N'CREATE SEQUENCE dbo.seq_Playlist START WITH ' + CAST(@maxPlaylist AS NVARCHAR) +
    N' INCREMENT BY 1 MINVALUE 1 NO MAXVALUE NO CYCLE NO CACHE;';
EXEC sp_executesql @sqlPL;
GO

-- Reproduccion
DECLARE @maxRepr INT;
SELECT @maxRepr = ISNULL(MAX(idReproduccion), 0) + 1 FROM Interaccion.Reproduccion;
DECLARE @sqlR NVARCHAR(500) =
    N'CREATE SEQUENCE dbo.seq_Reproduccion START WITH ' + CAST(@maxRepr AS NVARCHAR) +
    N' INCREMENT BY 1 MINVALUE 1 NO MAXVALUE NO CYCLE NO CACHE;';
EXEC sp_executesql @sqlR;
GO

-- Suscripcion
DECLARE @maxSusc INT;
SELECT @maxSusc = ISNULL(MAX(idSuscripcion), 0) + 1 FROM Finanzas.Suscripcion;
DECLARE @sqlS NVARCHAR(500) =
    N'CREATE SEQUENCE dbo.seq_Suscripcion START WITH ' + CAST(@maxSusc AS NVARCHAR) +
    N' INCREMENT BY 1 MINVALUE 1 NO MAXVALUE NO CYCLE NO CACHE;';
EXEC sp_executesql @sqlS;
GO

-- Pago
DECLARE @maxPago INT;
SELECT @maxPago = ISNULL(MAX(idPago), 0) + 1 FROM Finanzas.Pago;
DECLARE @sqlPG NVARCHAR(500) =
    N'CREATE SEQUENCE dbo.seq_Pago START WITH ' + CAST(@maxPago AS NVARCHAR) +
    N' INCREMENT BY 1 MINVALUE 1 NO MAXVALUE NO CYCLE NO CACHE;';
EXEC sp_executesql @sqlPG;
GO

-- Regalia
DECLARE @maxReg INT;
SELECT @maxReg = ISNULL(MAX(idRegalia), 0) + 1 FROM Finanzas.Regalia;
DECLARE @sqlRG NVARCHAR(500) =
    N'CREATE SEQUENCE dbo.seq_Regalia START WITH ' + CAST(@maxReg AS NVARCHAR) +
    N' INCREMENT BY 1 MINVALUE 1 NO MAXVALUE NO CYCLE NO CACHE;';
EXEC sp_executesql @sqlRG;
GO


-- 3b. Reemplazar SPs clave para usar NEXT VALUE FOR en lugar de MAX+1

-- sp_RegistrarUsuario ya fue reemplazado en Gap 1. 
-- Actualizar únicamente la línea de generación de ID:
DROP PROCEDURE IF EXISTS Procesos.sp_RegistrarUsuario;
GO

CREATE PROCEDURE Procesos.sp_RegistrarUsuario
    @nombreUsuario          VARCHAR(50),
    @apellidoUsuario        VARCHAR(50),
    @segundoNombreUsuario   VARCHAR(50) = NULL,
    @segundoApellidoUsuario VARCHAR(50) = NULL,
    @correoUsuario          VARCHAR(50),
    @fechaRegistroUsuario   DATE,
    @passwordHash           VARCHAR(255)
AS
BEGIN
    SET NOCOUNT ON;

    IF EXISTS (SELECT 1 FROM Seguridad.Usuario WHERE correoUsuario = @correoUsuario)
        THROW 50001, 'El correo ingresado ya se encuentra registrado.', 1;

    IF LEN(LTRIM(RTRIM(@passwordHash))) < 8
        THROW 50030, 'El hash de contraseña no es válido.', 1;

    DECLARE @idUsuario INT = NEXT VALUE FOR dbo.seq_Usuario;   -- sin race condition

    INSERT INTO Seguridad.Usuario
    (
        idUsuario, nombreUsuario, apellidoUsuario,
        segundoNombreUsuario, segundoApellidoUsuario,
        correoUsuario, fechaRegistroUsuario, passwordHash
    )
    VALUES
    (
        @idUsuario, @nombreUsuario, @apellidoUsuario,
        @segundoNombreUsuario, @segundoApellidoUsuario,
        @correoUsuario, @fechaRegistroUsuario, @passwordHash
    );

    SELECT 'Usuario registrado correctamente' AS Mensaje, @idUsuario AS idUsuario;
END;
GO


-- sp_InsertarArtista con SEQUENCE
DROP PROCEDURE IF EXISTS Procesos.sp_InsertarArtista;
GO

CREATE PROCEDURE Procesos.sp_InsertarArtista
    @nombreArtista           VARCHAR(50),
    @paisOrigenArtista       VARCHAR(50),
    @descripcionArtista      VARCHAR(50) = NULL,
    @Productora_idProductora INT
AS
BEGIN
    SET NOCOUNT ON;
    IF NOT EXISTS (SELECT 1 FROM Catalogo.Productora WHERE idProductora = @Productora_idProductora)
        THROW 50101, 'La productora especificada no existe.', 1;
    IF EXISTS (SELECT 1 FROM Catalogo.Artista WHERE nombreArtista = @nombreArtista)
        THROW 50107, 'Ya existe un artista con ese nombre.', 1;

    DECLARE @idArtista INT = NEXT VALUE FOR dbo.seq_Artista;

    INSERT INTO Catalogo.Artista (idArtista, nombreArtista, paisOrigenArtista, descripcionArtista, Productora_idProductora)
    VALUES (@idArtista, @nombreArtista, @paisOrigenArtista, @descripcionArtista, @Productora_idProductora);

    SELECT 'Artista registrado correctamente' AS Mensaje, @idArtista AS idArtista;
END;
GO


-- sp_CrearPlaylist con SEQUENCE
DROP PROCEDURE IF EXISTS Procesos.sp_CrearPlaylist;
GO

CREATE PROCEDURE Procesos.sp_CrearPlaylist
    @Usuario_idUsuario   INT,
    @nombrePlaylist      VARCHAR(50),
    @fechaCreacionPlaylist DATE,
    @privacidadPlaylist  VARCHAR(50) = 'Privada',
    @descripcionPlaylist VARCHAR(50) = NULL
AS
BEGIN
    SET NOCOUNT ON;

    IF NOT EXISTS (SELECT 1 FROM Seguridad.Usuario WHERE idUsuario = @Usuario_idUsuario)
        THROW 50003, 'El usuario no existe.', 1;
    IF @privacidadPlaylist NOT IN ('Privada', 'Publica')
        THROW 50004, 'La privacidad debe ser Privada o Publica.', 1;
    IF EXISTS (
        SELECT 1 FROM Interaccion.Playlist
        WHERE Usuario_idUsuario = @Usuario_idUsuario
          AND nombrePlaylist    = @nombrePlaylist
    )
        THROW 50005, 'El usuario ya tiene una playlist con ese nombre.', 1;

    DECLARE @idPlaylist INT = NEXT VALUE FOR dbo.seq_Playlist;

    INSERT INTO Interaccion.Playlist
    (idPlaylist, nombrePlaylist, fechaCreacionPlaylist, privacidadPlaylist, descripcionPlaylist, Usuario_idUsuario)
    VALUES
    (@idPlaylist, @nombrePlaylist, @fechaCreacionPlaylist, @privacidadPlaylist, @descripcionPlaylist, @Usuario_idUsuario);

    SELECT 'Playlist creada correctamente' AS Mensaje, @idPlaylist AS idPlaylist;
END;
GO


-- sp_RegistrarReproduccion con SEQUENCE
DROP PROCEDURE IF EXISTS Procesos.sp_RegistrarReproduccion;
GO

CREATE PROCEDURE Procesos.sp_RegistrarReproduccion
    @Usuario_idUsuario   INT,
    @Cancion_idCancion   INT,
    @fechaReproduccion   DATE,
    @duracionReproduccion FLOAT
AS
BEGIN
    SET NOCOUNT ON;

    IF NOT EXISTS (SELECT 1 FROM Seguridad.Usuario WHERE idUsuario = @Usuario_idUsuario)
        THROW 50009, 'El usuario no existe.', 1;
    IF NOT EXISTS (SELECT 1 FROM Catalogo.Cancion WHERE idCancion = @Cancion_idCancion)
        THROW 50010, 'La cancion no existe.', 1;
    IF @duracionReproduccion < 0
        THROW 50011, 'La duracion de reproduccion no puede ser negativa.', 1;

    DECLARE @idReproduccion INT = NEXT VALUE FOR dbo.seq_Reproduccion;

    INSERT INTO Interaccion.Reproduccion
    (idReproduccion, fechaReproduccion, duracionReproduccion, Usuario_idUsuario, Cancion_idCancion)
    VALUES
    (@idReproduccion, @fechaReproduccion, @duracionReproduccion, @Usuario_idUsuario, @Cancion_idCancion);

    SELECT 'Reproduccion registrada correctamente' AS Mensaje, @idReproduccion AS idReproduccion;
END;
GO


-- sp_RegistrarSuscripcion con SEQUENCE
DROP PROCEDURE IF EXISTS Procesos.sp_RegistrarSuscripcion;
GO

CREATE PROCEDURE Procesos.sp_RegistrarSuscripcion
    @Usuario_idUsuario      INT,
    @tipoPlanSuscripcion    VARCHAR(50),
    @fechaInicioSuscripcion DATE,
    @fechaFinSuscripcion    DATE = NULL,
    @estadoSuscripcion      VARCHAR(50) = 'Activa'
AS
BEGIN
    SET NOCOUNT ON;

    IF NOT EXISTS (SELECT 1 FROM Seguridad.Usuario WHERE idUsuario = @Usuario_idUsuario)
        THROW 50018, 'El usuario no existe.', 1;
    IF @tipoPlanSuscripcion NOT IN ('Gratis', 'Premium')
        THROW 50019, 'El tipo de plan debe ser Gratis o Premium.', 1;
    IF @estadoSuscripcion NOT IN ('Activa', 'Cancelada', 'Vencida')
        THROW 50020, 'El estado de suscripcion no es valido.', 1;

    DECLARE @idSuscripcion INT = NEXT VALUE FOR dbo.seq_Suscripcion;

    INSERT INTO Finanzas.Suscripcion
    (idSuscripcion, tipoPlanSuscripcion, fechaInicioSuscripcion, fechaFinSuscripcion, estadoSuscripcion, Usuario_idUsuario)
    VALUES
    (@idSuscripcion, @tipoPlanSuscripcion, @fechaInicioSuscripcion, @fechaFinSuscripcion, @estadoSuscripcion, @Usuario_idUsuario);

    SELECT 'Suscripcion registrada correctamente' AS Mensaje, @idSuscripcion AS idSuscripcion;
END;
GO


-- sp_RegistrarPago con SEQUENCE
DROP PROCEDURE IF EXISTS Procesos.sp_RegistrarPago;
GO

CREATE PROCEDURE Procesos.sp_RegistrarPago
    @Suscripcion_idSuscripcion INT,
    @fechaPago                 DATE,
    @montoPago                 DECIMAL(10,2)
AS
BEGIN
    SET NOCOUNT ON;

    IF NOT EXISTS (SELECT 1 FROM Finanzas.Suscripcion WHERE idSuscripcion = @Suscripcion_idSuscripcion)
        THROW 50021, 'La suscripcion no existe.', 1;
    IF @montoPago <= 0
        THROW 50022, 'El monto del pago debe ser mayor a cero.', 1;

    DECLARE @idPago INT = NEXT VALUE FOR dbo.seq_Pago;

    INSERT INTO Finanzas.Pago (idPago, fechaPago, montoPago, Suscripcion_idSuscripcion)
    VALUES (@idPago, @fechaPago, @montoPago, @Suscripcion_idSuscripcion);

    SELECT 'Pago registrado correctamente' AS Mensaje, @idPago AS idPago;
END;
GO


/* -- 
   GAP 4 — sp_ActualizarReproduccion faltante
   Problema : Reproduccion no tenía SP de UPDATE, dejando el
              CRUD incompleto (afecta rúbrica "operaciones CRUD").
   Solución : Crear el SP. En la práctica una reproducción
              puede necesitar corregir su duración o fecha
              (error de registro, datos de prueba, etc.).
   --  */

CREATE PROCEDURE Procesos.sp_ActualizarReproduccion
    @idReproduccion       INT,
    @fechaReproduccion    DATE,
    @duracionReproduccion FLOAT
AS
BEGIN
    SET NOCOUNT ON;

    IF NOT EXISTS (
        SELECT 1 FROM Interaccion.Reproduccion
        WHERE idReproduccion = @idReproduccion
    )
        THROW 50050, 'La reproduccion especificada no existe.', 1;

    IF @duracionReproduccion < 0
        THROW 50051, 'La duracion de reproduccion no puede ser negativa.', 1;

    -- El trigger trg_ValidarDuracionReproduccion valida que no supere
    -- la duración total de la canción, así que no necesitamos repetirlo aquí.
    UPDATE Interaccion.Reproduccion
    SET fechaReproduccion    = @fechaReproduccion,
        duracionReproduccion = @duracionReproduccion
    WHERE idReproduccion = @idReproduccion;

    SELECT 'Reproduccion actualizada correctamente' AS Mensaje;
END;
GO

-- Verificación Gap 4
-- EXEC Procesos.sp_ActualizarReproduccion 1, '2024-01-08', 200.0;
-- SELECT idReproduccion, fechaReproduccion, duracionReproduccion FROM Interaccion.Reproduccion WHERE idReproduccion = 1;


/* -- 
   VERIFICACIÓN FINAL — ejecutar al terminar para confirmar
   que todo quedó en orden.
   --  */

-- Columna passwordHash existe en Usuario
SELECT
    CASE WHEN COUNT(*) = 1 THEN 'OK — passwordHash existe'
         ELSE 'ERROR — columna no encontrada' END AS Gap1_passwordHash
FROM INFORMATION_SCHEMA.COLUMNS
WHERE TABLE_SCHEMA = 'Seguridad'
  AND TABLE_NAME   = 'Usuario'
  AND COLUMN_NAME  = 'passwordHash';

-- Sequences creadas
SELECT
    name                                          AS Sequence,
    CAST(current_value AS INT)                    AS ValorActual,
    'OK'                                          AS Estado
FROM sys.sequences
WHERE schema_id = SCHEMA_ID('dbo')
  AND name LIKE 'seq_%'
ORDER BY name;

-- sp_CalcularRegaliasGlobal actualizado (contiene UPDATE)
SELECT
    CASE WHEN OBJECT_ID('Procesos.sp_CalcularRegaliasGlobal') IS NOT NULL
         THEN 'OK — sp_CalcularRegaliasGlobal existe'
         ELSE 'ERROR — SP no encontrado' END AS Gap2_RegaliasGlobal;

-- sp_ActualizarReproduccion creado
SELECT
    CASE WHEN OBJECT_ID('Procesos.sp_ActualizarReproduccion') IS NOT NULL
         THEN 'OK — sp_ActualizarReproduccion existe'
         ELSE 'ERROR — SP no encontrado' END AS Gap4_ActualizarReproduccion;

-- Conteo de SPs totales en esquema Procesos
SELECT
    'Total SPs en Procesos: ' + CAST(COUNT(*) AS VARCHAR) AS ResumenSPs
FROM sys.procedures p
JOIN sys.schemas    s ON p.schema_id = s.schema_id
WHERE s.name = 'Procesos';

GO


-- sp_ConsultarCancionesArtista - devuelve canciones de un artista via ArtistaCancion

USE SonoraInc;
GO

CREATE OR ALTER PROCEDURE Procesos.sp_ConsultarCancionesArtista
    @idArtista INT
AS
BEGIN
    SET NOCOUNT ON;
    SELECT
        c.idCancion,
        c.tituloCancion,
        c.duracionCancion,
        g.nombreGenero,
        al.tituloAlbum,
        al.idAlbum
    FROM   Interaccion.ArtistaCancion ac
    JOIN   Catalogo.Cancion  c  ON ac.Cancion_idCancion = c.idCancion
    LEFT JOIN Catalogo.Genero  g  ON c.Genero_idGenero  = g.idGenero
    LEFT JOIN Catalogo.Album   al ON c.Album_idAlbum    = al.idAlbum
    WHERE  ac.Artista_idArtista = @idArtista;
END;
GO

GRANT EXECUTE ON Procesos.sp_ConsultarCancionesArtista TO SonoraApp;
GO


-- agrega columna rolUsuario a Seguridad.Usuario y actualiza sp_IniciarSesion para devolverla

USE SonoraInc;
GO

IF NOT EXISTS (
    SELECT 1 FROM sys.columns
    WHERE object_id = OBJECT_ID('Seguridad.Usuario')
      AND name = 'rolUsuario'
)
BEGIN
    ALTER TABLE Seguridad.Usuario
        ADD rolUsuario VARCHAR(20) NOT NULL DEFAULT 'usuario';
END;
GO

IF NOT EXISTS (
    SELECT 1 FROM sys.check_constraints
    WHERE parent_object_id = OBJECT_ID('Seguridad.Usuario')
      AND name = 'CHK_rolUsuario'
)
BEGIN
    ALTER TABLE Seguridad.Usuario
        ADD CONSTRAINT CHK_rolUsuario
            CHECK (rolUsuario IN ('admin', 'usuario'));
END;
GO

UPDATE Seguridad.Usuario
SET rolUsuario = 'admin'
WHERE idUsuario = 1;
GO

DROP PROCEDURE IF EXISTS Procesos.sp_IniciarSesion;
GO

-- sp_IniciarSesion - valida credenciales y devuelve datos del usuario incluyendo rol
CREATE PROCEDURE Procesos.sp_IniciarSesion
    @correoUsuario  VARCHAR(50),
    @passwordHash   VARCHAR(255)
AS
BEGIN
    SET NOCOUNT ON;

    IF NOT EXISTS (
        SELECT 1 FROM Seguridad.Usuario
        WHERE correoUsuario = @correoUsuario
    )
        THROW 50002, 'Credenciales incorrectas.', 1;

    IF NOT EXISTS (
        SELECT 1 FROM Seguridad.Usuario
        WHERE correoUsuario = @correoUsuario
          AND passwordHash  = @passwordHash
    )
        THROW 50002, 'Credenciales incorrectas.', 1;

    SELECT
        idUsuario,
        nombreUsuario,
        apellidoUsuario,
        correoUsuario,
        fechaRegistroUsuario,
        rolUsuario
    FROM Seguridad.Usuario
    WHERE correoUsuario = @correoUsuario;
END;
GO

-- sp_ConsultarLikesUsuario - devuelve canciones con like de un usuario
CREATE OR ALTER PROCEDURE Procesos.sp_ConsultarLikesUsuario
    @Usuario_idUsuario INT
AS
BEGIN
    SET NOCOUNT ON;
    SELECT
        c.idCancion,
        c.tituloCancion,
        c.duracionCancion,
        g.nombreGenero,
        a.tituloAlbum
    FROM   Interaccion.UsuarioCancion uc
    INNER JOIN Catalogo.Cancion c ON uc.Cancion_idCancion = c.idCancion
    LEFT  JOIN Catalogo.Genero  g ON c.Genero_idGenero    = g.idGenero
    LEFT  JOIN Catalogo.Album   a ON c.Album_idAlbum      = a.idAlbum
    WHERE  uc.Usuario_idUsuario = @Usuario_idUsuario
    ORDER BY c.tituloCancion;
END;
GO

GRANT EXECUTE ON Procesos.sp_IniciarSesion         TO SonoraApp;
GRANT EXECUTE ON Procesos.sp_ConsultarLikesUsuario TO SonoraApp;
GO

-- sp_ConsultarPlaylists - devuelve playlists filtrando por Usuario_idUsuario
CREATE OR ALTER PROCEDURE Procesos.sp_ConsultarPlaylists
    @Usuario_idUsuario INT = NULL
AS
BEGIN
    SET NOCOUNT ON;
    SELECT p.idPlaylist,
           p.nombrePlaylist,
           p.fechaCreacionPlaylist,
           p.privacidadPlaylist,
           ISNULL(p.descripcionPlaylist, '-') AS descripcionPlaylist,
           u.nombreUsuario,
           u.apellidoUsuario
    FROM   Interaccion.Playlist  p
    INNER JOIN Seguridad.Usuario u ON p.Usuario_idUsuario = u.idUsuario
    WHERE  (@Usuario_idUsuario IS NULL OR p.Usuario_idUsuario = @Usuario_idUsuario);
END;
GO

GRANT EXECUTE ON Procesos.sp_ConsultarPlaylists TO SonoraApp;
GO

-- sp_ConsultarCancionesDePlaylist - devuelve canciones de una playlist con genero y album
CREATE OR ALTER PROCEDURE Procesos.sp_ConsultarCancionesDePlaylist
    @idPlaylist INT
AS
BEGIN
    SET NOCOUNT ON;
    SELECT c.idCancion,
           c.tituloCancion,
           c.duracionCancion,
           ISNULL(g.nombreGenero, '-') AS nombreGenero,
           ISNULL(a.tituloAlbum,  '-') AS tituloAlbum
    FROM   Interaccion.CancionPlaylist cp
    INNER JOIN Catalogo.Cancion c ON cp.Cancion_idCancion = c.idCancion
    LEFT  JOIN Catalogo.Genero  g ON c.Genero_idGenero    = g.idGenero
    LEFT  JOIN Catalogo.Album   a ON c.Album_idAlbum      = a.idAlbum
    WHERE  cp.Playlist_idPlaylist = @idPlaylist
    ORDER BY c.tituloCancion;
END;
GO

GRANT EXECUTE ON Procesos.sp_ConsultarCancionesDePlaylist TO SonoraApp;
GO

-- sp_ToggleLikeCancion - agrega o quita like; devuelve accion='dar'/'quitar'
CREATE OR ALTER PROCEDURE Procesos.sp_ToggleLikeCancion
    @Usuario_idUsuario INT,
    @Cancion_idCancion INT
AS
BEGIN
    SET NOCOUNT ON;

    IF EXISTS (
        SELECT 1 FROM Interaccion.UsuarioCancion
        WHERE Usuario_idUsuario = @Usuario_idUsuario
          AND Cancion_idCancion = @Cancion_idCancion
    )
    BEGIN
        DELETE FROM Interaccion.UsuarioCancion
        WHERE Usuario_idUsuario = @Usuario_idUsuario
          AND Cancion_idCancion = @Cancion_idCancion;
        SELECT 'quitar' AS accion;
    END
    ELSE
    BEGIN
        INSERT INTO Interaccion.UsuarioCancion (Usuario_idUsuario, Cancion_idCancion)
        VALUES (@Usuario_idUsuario, @Cancion_idCancion);
        SELECT 'dar' AS accion;
    END;
END;
GO

GRANT EXECUTE ON Procesos.sp_ToggleLikeCancion TO SonoraApp;
GO

-- sp_ToggleSeguirArtista - sigue o deja de seguir; devuelve accion='seguir'/'dejar'
CREATE OR ALTER PROCEDURE Procesos.sp_ToggleSeguirArtista
    @Usuario_idUsuario INT,
    @Artista_idArtista INT
AS
BEGIN
    SET NOCOUNT ON;
    IF EXISTS (
        SELECT 1 FROM Interaccion.UsuarioArtista
        WHERE Usuario_idUsuario = @Usuario_idUsuario
          AND Artista_idArtista = @Artista_idArtista
    )
    BEGIN
        DELETE FROM Interaccion.UsuarioArtista
        WHERE Usuario_idUsuario = @Usuario_idUsuario
          AND Artista_idArtista = @Artista_idArtista;
        SELECT 'dejar' AS accion;
    END
    ELSE
    BEGIN
        INSERT INTO Interaccion.UsuarioArtista (Usuario_idUsuario, Artista_idArtista)
        VALUES (@Usuario_idUsuario, @Artista_idArtista);
        SELECT 'seguir' AS accion;
    END;
END;
GO

GRANT EXECUTE ON Procesos.sp_ToggleSeguirArtista TO SonoraApp;
GO

-- sp_CambiarContrasenaUsuario - verifica hash actual y actualiza si coincide
CREATE OR ALTER PROCEDURE Procesos.sp_CambiarContrasenaUsuario
    @idUsuario       INT,
    @passwordActual  VARCHAR(255),
    @passwordNueva   VARCHAR(255)
AS
BEGIN
    SET NOCOUNT ON;
    IF NOT EXISTS (
        SELECT 1 FROM Seguridad.Usuario
        WHERE idUsuario = @idUsuario AND passwordHash = @passwordActual
    )
        THROW 50301, 'La contraseña actual es incorrecta.', 1;
    UPDATE Seguridad.Usuario
    SET passwordHash = @passwordNueva
    WHERE idUsuario = @idUsuario;
    SELECT 'Contraseña actualizada correctamente' AS Mensaje;
END;
GO

GRANT EXECUTE ON Procesos.sp_CambiarContrasenaUsuario TO SonoraApp;
GO

-- sp_ConsultarSuscripciones - filtra por Usuario_idUsuario (no por idSuscripcion)
CREATE OR ALTER PROCEDURE Procesos.sp_ConsultarSuscripciones
    @Usuario_idUsuario INT = NULL
AS
BEGIN
    SET NOCOUNT ON;
    SELECT s.idSuscripcion, s.tipoPlanSuscripcion,
           s.fechaInicioSuscripcion, s.fechaFinSuscripcion,
           ISNULL(s.estadoSuscripcion, '-') AS estadoSuscripcion,
           u.nombreUsuario, u.apellidoUsuario
    FROM Finanzas.Suscripcion s
    INNER JOIN Seguridad.Usuario u ON s.Usuario_idUsuario = u.idUsuario
    WHERE (@Usuario_idUsuario IS NULL OR s.Usuario_idUsuario = @Usuario_idUsuario);
END;
GO

GRANT EXECUTE ON Procesos.sp_ConsultarSuscripciones TO SonoraApp;
GO

-- sp_RegistrarSuscripcion - cancela activa previa antes de insertar la nueva
CREATE OR ALTER PROCEDURE Procesos.sp_RegistrarSuscripcion
    @Usuario_idUsuario      INT,
    @tipoPlanSuscripcion    VARCHAR(50),
    @fechaInicioSuscripcion DATE,
    @fechaFinSuscripcion    DATE        = NULL,
    @estadoSuscripcion      VARCHAR(50) = 'Activa'
AS
BEGIN
    SET NOCOUNT ON;

    IF NOT EXISTS (SELECT 1 FROM Seguridad.Usuario WHERE idUsuario = @Usuario_idUsuario)
        THROW 50018, 'El usuario no existe.', 1;
    IF @tipoPlanSuscripcion NOT IN ('Gratis', 'Premium')
        THROW 50019, 'El tipo de plan debe ser Gratis o Premium.', 1;
    IF @estadoSuscripcion NOT IN ('Activa', 'Cancelada', 'Vencida')
        THROW 50020, 'El estado de suscripcion no es valido.', 1;

    -- cancela activa previa para evitar duplicados
    UPDATE Finanzas.Suscripcion
    SET estadoSuscripcion = 'Cancelada'
    WHERE Usuario_idUsuario = @Usuario_idUsuario
      AND estadoSuscripcion = 'Activa';

    DECLARE @idSuscripcion INT = NEXT VALUE FOR dbo.seq_Suscripcion;

    INSERT INTO Finanzas.Suscripcion
        (idSuscripcion, tipoPlanSuscripcion, fechaInicioSuscripcion,
         fechaFinSuscripcion, estadoSuscripcion, Usuario_idUsuario)
    VALUES
        (@idSuscripcion, @tipoPlanSuscripcion, @fechaInicioSuscripcion,
         @fechaFinSuscripcion, @estadoSuscripcion, @Usuario_idUsuario);

    SELECT 'Suscripcion registrada correctamente' AS Mensaje,
           @idSuscripcion AS idSuscripcion;
END;
GO

-- limpieza puntual: cancela duplicados activos dejando solo el mas reciente por usuario
WITH duplicados AS (
    SELECT idSuscripcion,
           ROW_NUMBER() OVER (
               PARTITION BY Usuario_idUsuario, estadoSuscripcion
               ORDER BY idSuscripcion DESC
           ) AS rn
    FROM Finanzas.Suscripcion
    WHERE estadoSuscripcion = 'Activa'
)
UPDATE Finanzas.Suscripcion
SET estadoSuscripcion = 'Cancelada'
WHERE idSuscripcion IN (
    SELECT idSuscripcion FROM duplicados WHERE rn > 1
);
GO

GRANT EXECUTE ON Procesos.sp_ActualizarSuscripcionesVencidas TO SonoraApp;
GO

-- sp_ConsultarAlbumesPorArtista - albumes de un artista via ArtistaCancion → Cancion → Album
CREATE OR ALTER PROCEDURE Procesos.sp_ConsultarAlbumesPorArtista
    @Artista_idArtista INT
AS
BEGIN
    SET NOCOUNT ON;
    SELECT DISTINCT al.idAlbum, al.tituloAlbum, al.fechaLanzamientoAlbum
    FROM Catalogo.Album al
    JOIN Catalogo.Cancion c            ON al.idAlbum  = c.Album_idAlbum
    JOIN Interaccion.ArtistaCancion ac ON c.idCancion = ac.Cancion_idCancion
    WHERE ac.Artista_idArtista = @Artista_idArtista
    ORDER BY al.fechaLanzamientoAlbum DESC;
END;
GO

GRANT EXECUTE ON Procesos.sp_ConsultarAlbumesPorArtista TO SonoraApp;
GO

-- sp_ConsultarCancionesAlbum - devuelve canciones de un album con genero e idioma
CREATE OR ALTER PROCEDURE Procesos.sp_ConsultarCancionesAlbum
    @idAlbum INT
AS
BEGIN
    SET NOCOUNT ON;
    SELECT
        c.idCancion,
        c.tituloCancion,
        c.duracionCancion,
        ISNULL(c.idiomaCancion, '-') AS idiomaCancion,
        g.nombreGenero,
        al.idAlbum,
        al.tituloAlbum
    FROM Catalogo.Cancion c
    LEFT JOIN Catalogo.Genero g ON c.Genero_idGenero = g.idGenero
    LEFT JOIN Catalogo.Album  al ON c.Album_idAlbum  = al.idAlbum
    WHERE c.Album_idAlbum = @idAlbum;
END;
GO

GRANT EXECUTE ON Procesos.sp_ConsultarCancionesAlbum TO SonoraApp;
GO
